"","date","open","high","low","adj.close","volume","macd","boll_ub","boll_lb","rsi_30","cci_30","dx_30","close_30_sma","close_60_sma","arima_res","residuals"
"1001","2014-01-02",40.3699989318848,40.4099998474121,40.1599998474121,29.6275844573975,1250400,0.156649261048258,30.4033727318189,28.5011968940356,52.3328238268006,30.3468311695495,2.39114628076791,29.4818059921265,29.2519742965698,30.2444187888917,-0.61683433149426
"1002","2014-01-03",40.3300018310547,40.439998626709,40.1800003051758,29.5908298492432,869400,0.13894843889971,30.4172577019227,28.5189163093078,52.0142742389036,30.7776569606541,3.04917247140444,29.4827861150106,29.2856815973918,29.6618004767191,-0.070970627475976
"1003","2014-01-06",40.1699981689453,40.3199996948242,40.0999984741211,29.5099811553955,970900,0.117047346950471,30.4245995500871,28.532889082115,51.3036571122513,15.7473618312513,1.1060896103545,29.4808263142904,29.3202264467875,29.5821020102947,-0.0721208548991754
"1004","2014-01-07",40.2299995422363,40.4000015258789,40.2200012207031,29.6202239990234,1217100,0.10734879979303,30.3947080232583,28.536319770626,52.224361645558,32.1217624783146,3.06003916987887,29.4837661107381,29.3534525235494,29.5102133284107,0.110010670612752
"1005","2014-01-08",39.8600006103516,39.8800010681152,39.7200012207031,29.2747859954834,1674900,0.0709705668397866,30.3341183516793,28.5285559799857,49.2085287100379,-43.216698637767,8.95765156424768,29.4776411056519,29.3775222460429,29.6140054529981,-0.339219457514702
"1006","2014-01-09",39.1500015258789,39.5400009155273,39.1199989318848,29.0322437286377,2456300,0.0223122198278745,30.3006308203754,28.4892798775616,47.2275923671656,-100.894548792845,20.8039065999001,29.4548566818237,29.3953645706177,29.288398784971,-0.256155056333302
"1007","2014-01-10",39.4599990844727,39.810001373291,39.4599990844727,29.2086315155029,2284000,-0.00199386642671939,30.2990868948097,28.4820034601098,48.7788495449574,-54.7095473570249,13.6880415857378,29.4460367838542,29.415539709727,29.0547030449801,0.153928470522832
"1008","2014-01-13",39.1199989318848,39.6100006103516,39.1100006103516,28.9954891204834,2126300,-0.0380171864120484,30.2870989624715,28.5123667891764,47.0499849844368,-89.2105331865605,20.2014327745406,29.4271722157796,29.4313127835592,29.2180579571308,-0.222568836647419
"1009","2014-01-14",39.9900016784668,40.0200004577637,39.7599983215332,29.3703384399414,2488500,-0.0359048311570476,30.2654602775211,28.5950106850033,50.2574893929713,-11.4840935154641,9.82345941977322,29.4139424641927,29.437309328715,29.0172863189174,0.353052121023961
"1010","2014-01-15",39.3899993896484,39.6100006103516,39.2099990844727,28.9734363555908,2378600,-0.0655023848381404,30.2639555942356,28.5987202633084,47.1303195558221,-79.8232966238288,19.7579786577245,29.3994878133138,29.434991423289,29.3679783519571,-0.394541996366282
"1011","2014-01-16",39.8899993896484,40.1100006103516,39.7799987792969,29.4732284545898,1395500,-0.0480754302825162,30.2330005506709,28.7039095063969,51.0943668565698,2.48883658597061,8.17664904617856,29.4031628290812,29.4416103045146,28.9981330072408,0.475095447349055
"1012","2014-01-17",39.9700012207031,40.1399993896484,39.7799987792969,29.2747859954834,1790600,-0.0497041329350871,30.2250015095808,28.7339578791521,49.5678531002437,-7.40407186277303,7.50984309464905,29.4031628290812,29.4378809611003,29.4478451397939,-0.173059144310457
"1013","2014-01-21",41.4199981689453,41.4199981689453,40.8699989318848,30.2302780151367,1827300,0.0258078324568629,30.331445439161,28.738498751818,56.1006808307604,150.878904028181,16.0832239676561,29.4342775980632,29.4512903531392,29.3011652715281,0.929112743608613
"1014","2014-01-22",41.5999984741211,41.7700004577637,41.5800018310547,30.6565761566162,1288100,0.118682211700129,30.5350639835758,28.6671802028256,58.5772061315169,200.855265585542,21.1415786476887,29.4600023905436,29.468284257253,30.1734057985668,0.483170358049456
"1015","2014-01-23",41.5999984741211,41.689998626709,41.4599990844727,30.5757179260254,1056000,0.183644305684616,30.6837165739265,28.6412708375725,57.9358979538041,173.538176453462,18.5231091422432,29.4805823008219,29.4879365921021,30.5980745385203,-0.0223566124949173
"1016","2014-01-24",41.2299995422363,41.2299995422363,40.5200004577637,29.7819309234619,1433000,0.169125680474409,30.6942628745063,28.6505697365777,52.1389018244937,78.2597457953215,0.359133050846529,29.4813173294067,29.4875611305237,30.5739764039193,-0.792045480457336
"1017","2014-01-27",40.6599998474121,40.689998626709,40.2900009155273,29.6643371582031,1613300,0.146442631807883,30.6919212553806,28.648501947134,51.3514722236001,38.731812722443,3.50862954552905,29.4935674031576,29.4835262934367,29.8281041764642,-0.163767018261044
"1018","2014-01-28",40.2700004577637,40.3600006103516,40.1100006103516,29.5834789276123,1224200,0.120551921360395,30.6465671414655,28.6424062853534,50.8056825166796,11.1443254517961,6.52246895196355,29.519292195638,29.4844563484192,29.6489493073207,-0.0654703797083585
"1019","2014-01-29",39.6100006103516,39.75,39.439998626709,29.054292678833,1352800,0.05667907798626,30.5928291427287,28.5851604355184,47.3952106355279,-70.4736295503063,16.8555839531733,29.5290924072266,29.4759595235189,29.5970481122075,-0.542755433374492
"1020","2014-01-30",39.2900009155273,39.3899993896484,39.0099983215332,28.7749919891357,2000000,-0.01629006033669,30.5247242285204,28.5025920556593,45.7195322177183,-115.226927980463,22.7165211054982,29.5232125600179,29.4682704607646,29.0748885530833,-0.299896563947538
"1021","2014-01-31",38.4000015258789,38.810001373291,38.2999992370605,28.3780879974365,2055700,-0.104935828328266,30.5801500358454,28.3222166023381,43.4606719301271,-180.835795290742,31.268077945302,29.5114526112874,29.447532526652,28.779547807619,-0.401459810182491
"1022","2014-02-03",38.6300010681152,38.689998626709,38,27.9371013641357,2289200,-0.208370211851889,30.681620121797,28.0553736678759,41.1252805054579,-201.64041114696,34.5396960167032,29.4742129007975,29.4182308197021,28.3951840248089,-0.458082660673178
"1023","2014-02-04",38.2400016784668,38.2700004577637,38.0499992370605,28.0693969726562,1381200,-0.276480461376149,30.7294820695892,27.8634533018098,42.0910034359356,-192.065411113469,34.5396960167032,29.4391784667969,29.395445950826,27.9475454315786,0.121851541077696
"1024","2014-02-05",37.6399993896484,37.9599990844727,37.6300010681152,28.0879440307617,1174300,-0.325212880597558,30.7411125666107,27.698594807962,42.2284363250272,-193.090379766589,39.171655432446,29.3976573944092,29.3775028864543,28.0568667735767,0.0310772571850038
"1025","2014-02-06",38.1800003051758,38.6300010681152,38.1199989318848,28.6296634674072,1413200,-0.316473335120129,30.7311466857026,27.6440484360625,46.0939298587441,-122.450481796938,24.1867385983683,29.3737033208211,29.3689556121826,28.0939953588135,0.535668108593704
"1026","2014-02-07",38.8400001525879,39.1500015258789,38.7599983215332,29.0229816436768,1368000,-0.274643770213235,30.730885379152,27.6433835341171,48.6733755436655,-68.2432851279733,14.0029157446885,29.3550200780233,29.3651263237,28.6008736605012,0.422107983175607
"1027","2014-02-10",39.0200004577637,39.2999992370605,39,29.1342868804932,1007800,-0.22986242530979,30.7273082227204,27.6395262270477,49.3824384606277,-49.2445151656911,11.1913312062446,29.3358819325765,29.363642056783,29.0224348834659,0.111851997027248
"1028","2014-02-11",39.2700004577637,39.7299995422363,39.189998626709,29.4311141967773,1234200,-0.168479278854964,30.7502173387306,27.6601796186669,51.2407173840846,-18.1488789172751,3.37841972260657,29.3136531829834,29.3663698196411,29.1321498283874,0.298964368389942
"1029","2014-02-12",39.4199981689453,39.4900016784668,39.2700004577637,29.1788215637207,1222500,-0.138592986362344,30.7387047297095,27.6525405400659,49.6383897346728,-27.7602755726309,3.37841972260658,29.2808095296224,29.3645255724589,29.4204894981806,-0.241667934459908
"1030","2014-02-13",39.2400016784668,39.5800018310547,39.2299995422363,29.3420753479004,906500,-0.100575298789831,30.7547668659918,27.6733423030146,50.670962605849,-16.8875878679101,1.66983713556402,29.2494878768921,29.3638094584147,29.1970159800962,0.145059367804144
"1031","2014-02-14",39.3300018310547,39.5699996948242,39.3199996948242,29.3569164276123,1237800,-0.0684593001871718,30.7457068313396,27.670771134969,50.7658946104032,-11.6112274170092,1.66983713556403,29.2404656092326,29.3611358006795,29.3236360634773,0.0332803641349919
"1032","2014-02-18",40.3300018310547,40.5200004577637,40.1199989318848,29.9876804351807,1279600,0.00780032667435293,30.820407170379,27.6673602398994,54.6067336545628,72.2837170368812,15.2291516075188,29.2536939620972,29.3682400385539,29.3667603034489,0.620920131731754
"1033","2014-02-19",40.4000015258789,40.6699981689453,40.3699989318848,30.0025234222412,878700,0.0686430609134376,30.7820793830751,27.6829125679136,54.692774602332,83.7878041927969,17.5424071704018,29.2701120376587,29.3754691759745,29.9546307944167,0.0478926278244671
"1034","2014-02-20",40.5099983215332,40.8400001525879,40.4000015258789,30.2325763702393,955600,0.13388141480528,30.6887695868824,27.7338223854687,56.0290899502013,94.9621493509964,20.1812590356433,29.2905237833659,29.387144947052,30.0242017482746,0.208374621964623
"1035","2014-02-21",40.7099990844727,40.939998626709,40.560001373291,30.1212692260742,1093100,0.174589168720992,30.589699942417,27.787447159939,55.2139932381936,92.0501284086325,21.7557489284838,29.3187398910522,29.3981904983521,30.2113298850024,-0.0900606589281665
"1036","2014-02-24",40.8199996948242,41.2900009155273,40.7700004577637,30.4774646759033,1267700,0.232907539795498,30.7178993544156,27.7288011231845,57.2717736210071,110.877151003029,27.1335394993602,29.3669139226278,29.4108853022257,30.1395611251084,0.337903550794898
"1037","2014-02-25",41.2700004577637,41.4300003051758,41.0699996948242,30.6778259277344,3395000,0.291927588050701,30.8949170970001,27.6531322575531,58.3844302311159,118.742383421779,29.213805942711,29.4158870697021,29.4309619267782,30.4504332473914,0.227392680343016
"1038","2014-02-26",41.0499992370605,41.1199989318848,40.7099990844727,30.2622566223145,1232800,0.301690728695206,30.9836372903785,27.632289833645,55.2949545927355,81.280607821954,19.8115761427791,29.4581126530965,29.4426424344381,30.6867817140204,-0.424525091705927
"1039","2014-02-27",40.6599998474121,41.0299987792969,40.6399993896484,30.4180965423584,1019700,0.318333516511984,31.1180516842105,27.6342558261655,56.1941992439926,75.4059697707624,18.0264946096874,29.4930379231771,29.4534901936849,30.2774843376948,0.140612204663586
"1040","2014-02-28",41.0299987792969,41.189998626709,40.8400001525879,30.4477806091309,1630300,0.330112965096585,31.2403647936188,27.6792215787567,56.3671422173609,80.0790771662868,20.9058211163513,29.5421827316284,29.4708352724711,30.3998689242042,0.0479116849267029
"1041","2014-03-03",40.3699989318848,40.5299987792969,40.1399993896484,29.8615283966064,1292300,0.288813348429048,31.2471243517738,27.8208060605187,52.1599458616118,26.8464994929216,3.84683168634023,29.555126063029,29.4791444460551,30.4572129017091,-0.59568450510266
"1042","2014-03-04",41.060001373291,41.2900009155273,41,30.6110363006592,916600,0.312954583005084,31.2698613844876,28.0654625214572,56.458164261919,83.2096488831266,17.3765675440788,29.5996677398682,29.5014152844747,29.8837011574071,0.727335143252073
"1043","2014-03-05",40.8899993896484,41.1100006103516,40.8600006103516,30.3884181976318,649200,0.310543512610845,31.2265340269018,28.3406920015406,54.9414476874191,69.6415953746289,14.2120133930363,29.6049390792847,29.5196083386739,30.5595686696526,-0.171150472020749
"1044","2014-03-06",40.8199996948242,40.9900016784668,40.7900009155273,30.3216209411621,1010000,0.299786983864376,31.1139495742238,28.6766441452587,54.4870953767117,66.0992645876785,12.5895941810885,29.5937739054362,29.5268881479899,30.4276128424831,-0.105991901321005
"1045","2014-03-07",40.8699989318848,40.939998626709,40.6399993896484,30.3513145446777,994800,0.290311848701133,31.0586287085603,28.9041301186492,54.6595227713728,64.5258328080773,9.04141140570296,29.5862937927246,29.5334380467733,30.3049866203726,0.0463279243050891
"1046","2014-03-10",40.5999984741211,40.6599998474121,39.9000015258789,29.7947444915771,4951700,0.235181161944681,31.0039165406195,29.03601857138,50.9190043119131,23.922425143521,6.49777143107384,29.5867209116618,29.5340191205343,30.358433374412,-0.563688882834839
"1047","2014-03-11",39.8699989318848,39.9500007629395,39.6100006103516,29.45339012146,2661700,0.162076928699427,30.9684041282798,29.1034413078164,48.8001737706504,-10.9029323886175,11.7653208885611,29.5796893437703,29.5366283734639,29.8220008073562,-0.368610685896229
"1048","2014-03-12",39.310001373291,39.6800003051758,39.310001373291,29.4014377593994,1745400,0.0988101537850774,30.9710578197363,29.0978199726221,48.4825413780722,-26.1847612618424,16.9397716395889,29.5736213048299,29.546456750234,29.4561907326243,-0.0547529732248826
"1049","2014-03-13",39.6599998474121,39.7000007629395,39.1399993896484,29.1194458007812,1826300,0.0256210410845199,30.9798111924413,29.0831290236232,46.7730998365715,-37.4786644856192,19.7891847123734,29.5757930755615,29.552442741394,29.4011430269221,-0.281697226140835
"1050","2014-03-14",39.3899993896484,39.5900001525879,39.2599983215332,29.2975482940674,1887800,-0.0178052277045921,30.9845825841378,29.0739049265434,47.9716749440621,-33.7222814401684,19.7891847123735,29.5932116190592,29.5582120895386,29.1332987381209,0.164249555946462
"1051","2014-03-17",39.3800010681152,39.6500015258789,39.3800010681152,29.3272285461426,1202400,-0.0492580936535454,30.9875784856097,29.0679402369244,48.1728675899715,-31.8544691413224,18.1544511754828,29.6248496373494,29.5681511243184,29.2811540704884,0.0460744756541409
"1052","2014-03-18",39.4300003051758,39.810001373291,39.4300003051758,29.4608154296875,999000,-0.062682803118193,30.9942207861101,29.0086114358747,49.0895080873946,-27.5396821420629,13.7303229124884,29.6756401062012,29.5749265034993,29.3342183665944,0.126597063093055
"1053","2014-03-19",39.7599983215332,39.8899993896484,39.2599983215332,29.2678546905518,1156900,-0.087879283420488,31.0102763922342,28.9190889565818,47.8255569377011,-42.7360418049904,17.2495407578055,29.7155886967977,29.5773835817973,29.4682787629994,-0.200424072447596
"1054","2014-03-20",39.0900001525879,39.4099998474121,39.0499992370605,29.1417121887207,915000,-0.116681291969545,31.0093285169341,28.81095041373,47.0070537335268,-78.1027146186001,21.4791484568005,29.750714302063,29.5741858482361,29.2826662048545,-0.140954016133836
"1055","2014-03-21",39.7099990844727,40.0200004577637,39.5800018310547,29.4459609985352,1586800,-0.113646706523131,30.989653942731,28.7630941651792,49.1772988885421,-34.9401334800328,4.83992874182862,29.7779242197673,29.5758137702942,29.1411299877898,0.304831010745328
"1056","2014-03-24",40.0299987792969,40.2400016784668,39.7799987792969,29.7947444915771,1218400,-0.0821508785201885,30.9191889680434,28.7652871214341,51.5312779227206,-10.8835079688789,0.418642670060672,29.8036496480306,29.5793348630269,29.4303841006676,0.364360390909535
"1057","2014-03-25",40.5299987792969,41.0699996948242,40.4700012207031,30.3884181976318,1665900,-0.0091798814135764,30.8644707767503,28.791064539717,55.1861505518035,66.4766107770264,17.1730281275506,29.8454540252686,29.5906679789225,29.7839374588904,0.60448073874139
"1058","2014-03-26",41.2599983215332,41.3400001525879,41,30.4700489044189,803500,0.0546075930024159,30.897120429433,28.7791941152447,55.6617249529152,95.1510342018402,21.7510724912783,29.8800851821899,29.5968691825867,30.365212789205,0.104836115213963
"1059","2014-03-27",41.3199996948242,41.7400016784668,41.2299995422363,30.8707656860352,2865900,0.135927236813362,30.9890282194378,28.7325532396076,57.9289607487751,127.196617536438,28.0491097859558,29.9364833196004,29.6086464246114,30.4796529182625,0.391112767772615
"1060","2014-03-28",42.1300010681152,42.6500015258789,42.1100006103516,31.6277103424072,1822000,0.258473229631523,31.2773551112181,28.562219321155,61.7509415337252,205.168385458251,39.8270989823805,30.0126711527507,29.6310795148214,30.8475138433804,0.7801964990268
"1061","2014-03-31",42.8199996948242,42.8400001525879,42.6699981689453,31.7464237213135,1220600,0.361009496628224,31.5974839485719,28.4305800162719,62.3065009454008,215.031605936001,41.9480216937138,30.092321395874,29.6663935025533,31.608536033138,0.137887688175525
"1062","2014-04-01",42.3300018310547,42.6800003051758,42.2999992370605,31.6202697753906,965400,0.427166547772785,31.7863304168353,28.3426568954816,61.327264023769,172.361740120992,32.2447948541483,30.1467410405477,29.7002175013224,31.7572500943157,-0.136980318925055
"1063","2014-04-02",42.6199989318848,42.6800003051758,42.4300003051758,31.5237998962402,520700,0.466435397509112,31.959031508869,28.2834939733088,60.5741582839475,157.025887643403,32.2447948541483,30.1974502563477,29.7337811470032,31.6217780474895,-0.0979781512493147
"1064","2014-04-03",42.189998626709,42.3600006103516,42.1100006103516,31.397647857666,1067600,0.481822676732406,32.0985338447606,28.2515943290675,59.5843291846976,122.196906897553,23.8762242352668,30.2362859725952,29.7634048779806,31.525831203284,-0.12818334561803
"1065","2014-04-04",42.2200012207031,42.3300018310547,41.9700012207031,31.1676025390625,1612400,0.470036187155706,32.1890937425868,28.2426632306798,57.8025168470021,102.331342983811,20.3155301654642,30.2711637496948,29.7949518203735,31.4008862079755,-0.233283668913
"1066","2014-04-07",42.25,42.3800010681152,42.1800003051758,31.3160209655762,1130400,0.467284866814303,32.3134968526919,28.2703877679746,58.6282346349079,106.63255053258,21.180461282532,30.2991156260173,29.8330147743225,31.1745166375916,0.141504327984567
"1067","2014-04-08",43.310001373291,43.7999992370605,43.2999992370605,32.4143180847168,1980500,0.547417535688361,32.6296629251089,28.2503144918833,64.0181706508252,183.880734030843,40.7162721467944,30.3569986979167,29.8864428838094,31.3042199972458,1.11009808747096
"1068","2014-04-09",44.060001373291,44.1199989318848,43.7799987792969,32.7111511230469,1034400,0.627640153554047,32.9588181609315,28.2521305924254,65.2827343737421,183.301363216578,44.0564751012541,30.4386285146077,29.9483705838521,32.3761212934514,0.335029829595484
"1069","2014-04-10",44.060001373291,44.2400016784668,43.6500015258789,32.3920516967773,934100,0.657884812708748,33.1424060903317,28.3958032526248,62.8272206273123,155.023900016178,40.6159846903953,30.504427019755,29.9987324714661,32.727560503313,-0.335508806535692
"1070","2014-04-11",44.1199989318848,44.2700004577637,43.9799995422363,32.6814498901367,2019000,0.697169403679602,33.3520195178752,28.5245799846883,64.0942905854108,148.715214537772,40.9637923337922,30.5788826624552,30.0605326970418,32.3989308087099,0.282519081426862
"1071","2014-04-14",44.7900009155273,44.7900009155273,44.5,33.1638107299805,1369000,0.75848190629468,33.6135511734129,28.6467065475344,66.0874216322893,157.127968634481,46.7435018008199,30.6889587402344,30.1220424016317,32.6639092617741,0.499901468206339
"1072","2014-04-15",44.2200012207031,44.25,43.9300003051758,32.7705078125,1587400,0.766500507162242,33.751610133072,28.8396168261566,63.1314745324822,118.604379891189,31.6421097289835,30.7609411239624,30.1803044319153,33.1502345677333,-0.379726755233328
"1073","2014-04-16",44.3199996948242,44.3400001525879,44.0699996948242,32.8892478942871,1089600,0.773519981521126,33.8352624812796,29.1181037983225,63.6394026918611,113.373122511746,32.8091888698259,30.8443021138509,30.2246205965678,32.7943015489067,0.0949463453804213
"1074","2014-04-17",43.6199989318848,44.1800003051758,43.5900001525879,32.7779273986816,1199700,0.761324259713877,33.8107902332987,29.5061975672994,62.800311114919,93.9942906380375,21.0287498118326,30.9261789957682,30.2599764506022,32.8708992842987,-0.0929718856170823
"1075","2014-04-21",44.2200012207031,44.310001373291,44.1300010681152,32.8076171875,664700,0.74546156327817,33.7658629875808,29.8872904319138,62.9351455438171,96.8379383333126,23.0059929120432,31.008055750529,30.2971747716268,32.7921003221153,0.0155168653846971
"1076","2014-04-22",44.189998626709,44.2299995422363,43.9799995422363,32.6888847351074,952800,0.715066701625961,33.6917719696674,30.2507954741802,62.0053736627025,86.2498106997656,19.3211338703088,31.10452709198,30.3456240018209,32.758682084174,-0.0697973490665404
"1077","2014-04-23",44.1399993896484,44.2999992370605,44.0900001525879,32.7927703857422,591400,0.691391329708328,33.6770087678887,30.50599389477,62.506729271024,85.7497933648281,20.5090248881199,31.2158397674561,30.3977645556132,32.6481733169032,0.144597068838983
"1078","2014-04-24",43.3800010681152,43.7000007629395,43.1699981689453,32.362361907959,1120300,0.630628566249325,33.5782698582559,30.7939641047568,59.1608766270928,54.2129617934409,0.146507175447297,31.3145372390747,30.4440792719523,32.7882476640342,-0.425885756075203
"1079","2014-04-25",43.689998626709,43.8699989318848,43.5200004577637,32.5256309509277,1021100,0.588860073334512,33.5215724606911,31.0161480288109,60.0010613680995,61.2730085847493,3.13302376844841,31.4280767440796,30.5019349098206,32.3854219375555,0.140209013372186
"1080","2014-04-28",44.0299987792969,44.3199996948242,43.9300003051758,32.8595542907715,1597400,0.576062573820877,33.5715124126366,31.0893924717017,61.6694956231523,76.5756183880685,11.3478416887347,31.5468102773031,30.5700109481812,32.5026469185164,0.356907372255094
"1081","2014-04-29",44.3800010681152,44.7700004577637,44.3199996948242,33.1415481567383,4271700,0.581966464377963,33.6597457460549,31.140671581826,63.0171458776046,90.3768729454287,18.7164980056653,31.6739542643229,30.6494019508362,32.8588788224494,0.28266933428889
"1082","2014-04-30",44.7700004577637,44.8300018310547,44.6399993896484,33.2009162902832,1929000,0.584695842682642,33.7310578380308,31.2274241413394,63.2981788449881,93.1762061411616,19.6681938123838,31.7986242930094,30.7371321996053,33.1311298311445,0.0697864591387187
"1083","2014-05-01",44.4900016784668,44.5999984741211,44.3600006103516,33.037670135498,1168200,0.567148558719893,33.7450562138089,31.364812789487,61.9588928873822,77.4820219455429,13.0645900652983,31.924284807841,30.8199367523193,33.2055519449266,-0.167881809428593
"1084","2014-05-02",43.9500007629395,44.2200012207031,43.9300003051758,32.7037239074707,915700,0.520297870089117,33.6790743289064,31.56140227937,59.3035557307787,52.6035328781119,3.67289829548736,32.0430185317993,30.8968664169312,33.0409841747367,-0.337260267266039
"1085","2014-05-05",43.9799995422363,44.2400016784668,43.9099998474121,32.7556648254395,655200,0.481805604702522,33.5084713453231,31.890811491591,59.5822604865534,50.6528829326579,3.67289829548736,32.1533419926961,30.9656331062317,32.7140654970246,0.0415993284148399
"1086","2014-05-06",44.1699981689453,44.3600006103516,44.060001373291,32.7482414245605,847000,0.445565004632059,33.2509171096087,32.2915877732038,59.5219931596168,54.3950685157729,6.15859272355213,32.2517918904622,31.0277207692464,32.7465513284395,0.00169009612108084
"1087","2014-05-07",43.9500007629395,44.2000007629395,43.9199981689453,33.0507545471191,874400,0.436225809172612,33.2672289902505,32.3389195388022,61.1774343165628,52.1641903467098,2.8486377905272,32.3405364354452,31.0929952303569,32.7547762491211,0.295978297997998
"1088","2014-05-08",44.2599983215332,44.4199981689453,44.2099990844727,33.1406021118164,722900,0.431104868498785,33.3100399264698,32.3390537014599,61.6592057911908,68.5130974975039,7.6835575203208,32.4295548756917,31.1548200289408,33.0345773564774,0.106024755338979
"1089","2014-05-09",44.5400009155273,44.5800018310547,44.3199996948242,33.245433807373,1390200,0.43054250187852,33.3425601613749,32.3918716776144,62.2250158916178,80.5449062691528,11.1223730759757,32.5087104797363,31.2225968996684,33.1467351819835,0.0986986253895665
"1090","2014-05-12",44.6800003051758,44.7599983215332,44.5999984741211,33.4625701904297,1317400,0.442516854862845,33.4418882442433,32.3706556247753,63.3828785230707,104.078995758025,14.9329354914144,32.5698724746704,31.2912718137105,33.2384897585362,0.224080431893519
"1091","2014-05-13",44.6800003051758,44.7599983215332,44.5400009155273,33.4550933837891,654000,0.446259102912137,33.5000077845319,32.3416643498675,63.3137499501977,99.5875139124286,13.2035574459949,32.6268281300863,31.3595747629801,33.4584469390733,-0.00335355528422099
"1092","2014-05-14",44.6399993896484,44.7799987792969,44.5699996948242,33.3951797485352,1524900,0.439326054521246,33.5635789295382,32.3405603984648,62.7464566987434,99.3496969407787,13.6664657964519,32.6859917958577,31.4163664182027,33.456655020075,-0.0614752715398907
"1093","2014-05-15",45.2099990844727,45.2299995422363,44.8899993896484,33.6797218322754,2348300,0.451586128080073,33.68297194782,32.3002147739818,64.3172255778457,149.179703591498,23.4815947539587,32.7578558603923,31.47765305837,33.3955390178929,0.284182814382461
"1094","2014-05-16",45.4599990844727,45.5499992370605,45.3400001525879,34.0840492248535,1198400,0.488299355169936,33.8945691050556,32.2192297993633,66.3997817068901,207.871252355862,29.5683309611943,32.8474025726318,31.5418442726135,33.66900684888,0.415042375973485
"1095","2014-05-19",45.939998626709,45.9500007629395,45.689998626709,34.3311424255371,1233800,0.53120975302798,34.1360740270345,32.1300774011882,67.5954082341323,240.51548428579,36.3352839082875,32.952853902181,31.6120088259379,34.0783738355881,0.252768589949056
"1096","2014-05-20",45.2700004577637,45.5099983215332,45.1500015258789,33.8893661499023,1029500,0.523533925908545,34.2273692693084,32.1588303003937,63.4213926253556,154.733233698197,19.7341857387436,33.0386320749919,31.6688738505046,34.3300773912582,-0.440711241355807
"1097","2014-05-21",45.4300003051758,45.5,45.2799987792969,34.0166511535645,1177200,0.521707692122391,34.3327154294217,32.1758722170627,64.0824537824026,152.452607631174,19.7341857387436,33.0920431772868,31.7245209376017,33.9067212499114,0.109929903653068
"1098","2014-05-22",45.1599998474121,45.189998626709,44.9099998474121,33.6347923278809,1096100,0.48386982266706,34.3223790791483,32.3134516093282,60.6791344569816,88.5696652099097,9.3125692582366,33.1228312174479,31.7807298660278,33.998414081685,-0.363621753804146
"1099","2014-05-23",44.7099990844727,44.9099998474121,44.689998626709,33.5599060058594,769300,0.442736744583051,34.3065736048092,32.4326845891605,60.0323319332093,54.1942539048075,3.58210296960758,33.1617596944173,31.8330933570862,33.6595258654332,-0.0996198595738278
"1100","2014-05-27",44.7799987792969,44.8899993896484,44.5699996948242,33.4925193786621,792600,0.400088969617357,34.3079487970412,32.4946059057175,59.4425059315854,39.9800681506201,0.509935816772908,33.1887953440348,31.883839003245,33.5441524037238,-0.0516330250616974
"1101","2014-05-28",44.4000015258789,44.6800003051758,44.3699989318848,33.3577423095703,717400,0.351364605148397,34.3108407368881,32.5133333811538,58.2582069416143,11.1153544268714,4.53463168539095,33.1952597300212,31.9421092351278,33.5013254661006,-0.143583156530262
"1102","2014-05-29",44.939998626709,45,44.8400001525879,33.6422920227051,790400,0.331885212892601,34.3327526381798,32.5355590531044,59.9988208284125,63.5875732084792,3.72936941501588,33.2243192036947,31.9926301638285,33.3568821759935,0.285409846711623
"1103","2014-05-30",44.939998626709,45.0299987792969,44.8499984741211,33.6722412109375,1041100,0.31523052214785,34.3502350835155,32.5815337153126,60.179616049501,62.8396051577483,4.48605363438457,33.2504189809163,32.0473605473836,33.6306548627012,0.0415863482363434
"1104","2014-06-02",44.8899993896484,44.9300003051758,44.7700004577637,33.5973510742188,853800,0.292615462684822,34.3198966086704,32.7012349068326,59.4841463532538,45.7675962980963,2.19626592758863,33.2777331034342,32.1019560496012,33.6795837265661,-0.0822326523473862
"1105","2014-06-03",45.0099983215332,45.2400016784668,44.9599990844727,33.8669128417969,2562500,0.293065964933014,34.30692321421,32.8253331029287,61.1556730908291,81.7604470905647,10.3358776782695,33.3130429585775,32.1605493545532,33.5965407171836,0.270372124613303
"1106","2014-06-04",45.1399993896484,45.1599998474121,44.8899993896484,33.6946907043457,1092100,0.276340621371439,34.2474842511273,32.9794169939899,59.5323851828112,60.7107189236262,8.16305922545997,33.3465698242187,32.2255484580994,33.8578535943256,-0.16316288997988
"1107","2014-06-05",44.9099998474121,45.0999984741211,44.7700004577637,33.7321357727051,1074900,0.263074609830539,34.2249438776435,33.0700954900322,59.7725504565153,49.6552608170623,4.3957234913764,33.3778820037842,32.2968608856201,33.7073343064159,0.0248014662891478
"1108","2014-06-06",44.25,44.439998626709,44.1399993896484,33.2604103088379,1540200,0.212052488459172,34.2109307259904,33.0960894613876,55.4814529871604,-58.8743921511866,12.6740015007121,33.4078169504801,32.3611770947774,33.7219327409669,-0.461522432129051
"1109","2014-06-09",44.4599990844727,44.6800003051758,44.4500007629395,33.3951797485352,684000,0.180412177862479,34.1990242900309,33.1229704914632,56.4063954791101,-24.26900971416,5.63990219167747,33.4368019104004,32.43243932724,33.2832128285827,0.111966919952458
"1110","2014-06-10",44.810001373291,45.0400009155273,44.7900009155273,33.6722412109375,611200,0.175668550573938,34.2013372199026,33.1416246636423,58.2510997203813,36.213456382154,3.97252253612687,33.4638914744059,32.5053508758545,33.3736099244527,0.298631286484849
"1111","2014-06-11",45.060001373291,45.060001373291,44.8600006103516,33.6347923278809,777500,0.166962737376707,34.2008825949097,33.1600491830444,57.9084644873811,36.9941447270606,4.48865398429071,33.4803329467773,32.5771436055501,33.6757847460457,-0.0409924181648051
"1112","2014-06-12",45.4000015258789,45.4300003051758,45.2000007629395,33.8818893432617,904200,0.177950677125764,34.2144551762178,33.1951475612089,59.5331854971207,95.2857069524736,13.6651173402538,33.5030320485433,32.6508281707764,33.6361805601492,0.245708783112534
"1113","2014-06-13",45.2400016784668,45.3300018310547,45.0499992370605,33.8070030212402,611700,0.178557696230854,34.2226759746848,33.1996548816384,58.8213538348722,69.4446399013777,9.12162202528378,33.528676478068,32.7264806429545,33.8721694827917,-0.065166461551506
"1114","2014-06-16",45.1199989318848,45.2799987792969,45.0400009155273,33.8294715881348,456400,0.178790799769381,34.18282829062,33.2140448020313,58.9736109520881,63.2854813208227,8.81171341182733,33.5662014007568,32.8046099662781,33.8172899923043,0.0121815958304836
"1115","2014-06-17",45.2400016784668,45.439998626709,45.2299995422363,33.949275970459,757200,0.186492973498993,34.0819219002504,33.2767645468931,59.7936245437625,93.1411552758917,13.036604222751,33.6059884389242,32.8796652158101,33.8224544206191,0.12682154983991
"1116","2014-06-18",45.3600006103516,45.5299987792969,45.189998626709,34.0840492248535,607600,0.201153306845704,34.1213572086562,33.2567975459825,60.7075713054715,103.686922378005,15.3936433970853,33.6505153656006,32.9511536280314,33.9493624532682,0.134686771585272
"1117","2014-06-19",45.7200012207031,45.939998626709,45.6100006103516,34.1888847351074,537800,0.218709924310296,34.1630428879208,33.2323352248722,61.4133858467884,167.413794405639,25.2586101413981,33.6884530385335,33.0144947369893,34.0803636216322,0.108521113475248
"1118","2014-06-20",45.6500015258789,45.7799987792969,45.5800018310547,34.1589393615723,560600,0.227583883417239,34.2314585350252,33.2163342811369,61.0891281948872,138.829473918608,24.1266238722467,33.7223976135254,33.0759762446086,34.1884340684635,-0.0294947068912421
"1119","2014-06-23",45.7999992370605,45.7999992370605,45.5299987792969,34.2263221740723,959800,0.237318134046134,34.3053288087047,33.2091056242787,61.5615562111805,129.830244333515,22.1595636017082,33.7550938924154,33.1319021860758,34.1429091255953,0.0834130484769418
"1120","2014-06-24",45.7200012207031,45.8600006103516,45.5999984741211,34.1514472961426,895000,0.236267278788951,34.3503643505489,33.2299628741825,60.7142015528779,122.900953753306,23.7103315869246,33.7780564626058,33.1739644686381,34.2225159289674,-0.0710686328248045
"1121","2014-06-25",45.1699981689453,45.3300018310547,45.0299987792969,33.7695732116699,904500,0.202288564611983,34.3330222126573,33.2884881022841,56.6035857164958,7.38564560729649,2.89381874004938,33.7885391235352,33.2076836268107,34.1567697384574,-0.387196526787491
"1122","2014-06-26",45,45.0999984741211,44.6199989318848,33.7321357727051,504000,0.170375319745524,34.3329388300828,33.2975558598586,56.2175762788367,-49.4479823162288,8.89371896276867,33.7997709910075,33.2428813934326,33.7799535615098,-0.0478177888047213
"1123","2014-06-27",44.9300003051758,44.9599990844727,44.8199996948242,33.6647491455078,510600,0.138054894734751,34.3330105810039,33.2967349023946,55.5126610863634,-48.387207003807,8.89371896276866,33.7992719014486,33.2785638809204,33.7265101030607,-0.0617609575529059
"1124","2014-06-30",45.2599983215332,45.4000015258789,45.1800003051758,33.9268112182617,607300,0.132064585846443,34.3412486797778,33.321442818025,57.6490561001727,38.7866723819273,4.51988624513137,33.7940306345622,33.320716603597,33.6685683969379,0.258242821323805
"1125","2014-07-01",45.310001373291,45.6500015258789,45.25,34.1664161682129,886300,0.144980099552889,34.3777592416982,33.3148825887461,59.4891150167875,90.3411570236167,11.166039234804,33.788539759318,33.3706968307495,33.9131726297548,0.253243538458051
"1126","2014-07-02",45.5099983215332,45.7299995422363,45.4900016784668,34.2338104248047,1016300,0.158823076919361,34.4265733757006,33.3199804267896,59.9948636844989,116.206732628886,13.2319899152385,33.8000212351481,33.41932665507,34.166622536896,0.0671878879086947
"1127","2014-07-03",45.689998626709,45.9900016784668,45.689998626709,34.3311424255371,500500,0.17562314098948,34.4882922806934,33.31816218708,60.7273661084146,150.89592069092,19.7185925631794,33.8105042775472,33.451273727417,34.2330652128764,0.0980772126606979
"1128","2014-07-07",45.4799995422363,45.6800003051758,45.439998626709,34.1514472961426,882500,0.172449526836424,34.4576051675851,33.4379529989188,58.6754771547069,86.4282982782433,11.175894107934,33.8277261098226,33.4752786636353,34.3288996667006,-0.177452370558008
"1129","2014-07-08",45.4300003051758,45.6300010681152,45.4099998474121,34.1065139770508,1284800,0.16441341591333,34.4256277825573,33.5410638067982,58.1670811482502,71.6640079214692,10.1675369531684,33.845946375529,33.5038530349731,34.1592046717307,-0.0526906946799173
"1130","2014-07-09",45.1500015258789,45.3499984741211,45.0900001525879,33.8893661499023,1126600,0.138921326660736,34.4144406691911,33.5739634140609,55.7520827792409,7.25789085768293,0.158302897156474,33.859174601237,33.5239849726359,34.1027034892408,-0.213337339338466
"1131","2014-07-10",44.6199989318848,44.7599983215332,44.4500007629395,33.4700698852539,1511300,0.0839176079676704,34.4408886764587,33.5310431625305,51.4824770972605,-123.118812539753,16.8252782569218,33.8629188537598,33.5290892918905,33.8989215532036,-0.428851667949722
"1132","2014-07-11",44.6199989318848,44.9300003051758,44.5999984741211,33.6123275756836,852500,0.051215392182975,34.4554993044973,33.4894763577341,52.7524201768914,-84.8074326236715,11.5383062705383,33.861920038859,33.5431196212769,33.4764967369135,0.135830838770119
"1133","2014-07-14",45.2099990844727,45.2799987792969,45.1100006103516,33.8444595336914,902000,0.0435279959285424,34.4549548655569,33.4937664479197,54.7516857080653,-1.76861474617491,1.43562709510546,33.8676606496175,33.5590398152669,33.6001624651784,0.244297068513021
"1134","2014-07-15",45.0299987792969,45.0800018310547,44.7599983215332,33.5898666381836,1276700,0.0166996568177069,34.4694013370479,33.4553594814335,52.2435105303622,-66.5435754373388,10.1365264886608,33.8674111684163,33.5725721359253,33.8447847182805,-0.254918080096893
"1135","2014-07-16",45.2099990844727,45.2900009155273,45.0800018310547,33.8294715881348,541200,0.0146037785153794,34.4668819911359,33.4458983891131,54.282502802734,-5.31177471392134,4.23495361478206,33.8661631266276,33.5896030426025,33.6009979261148,0.228473662019944
"1136","2014-07-17",45.3499984741211,45.5800018310547,44.9700012207031,33.6946907043457,595600,0.00204353238063959,34.456531168364,33.4173133598342,52.9665490290022,-3.07225858439344,3.40574973101874,33.8661631266276,33.6063664754232,33.81324158703,-0.118550882684261
"1137","2014-07-18",44.8199996948242,45.0999984741211,44.7400016784668,33.7096710205078,441400,-0.00662539344283175,34.4278237398542,33.3980994168841,53.0972848777619,-59.796442716003,2.64447967017308,33.8654143015544,33.6216481526693,33.7102352233339,-0.000564202826112137
"1138","2014-07-21",45,45.2700004577637,44.939998626709,33.874397277832,468600,-0.0002012276952712,34.4005372013859,33.3969317469783,54.5348630106958,-24.1819386262202,1.89103485318817,33.8858805338542,33.6468487421672,33.6991675898292,0.175229688002879
"1139","2014-07-22",45.8600006103516,45.8699989318848,45.7099990844727,34.3012046813965,1292900,0.0388815580345465,34.4155635084893,33.3893936906073,57.9864235624374,126.72460262958,15.9094249121262,33.9160813649495,33.676441637675,33.8759815828633,0.425223098533216
"1140","2014-07-23",45.9500007629395,45.9500007629395,45.560001373291,34.1439514160156,944900,0.0565144594957872,34.4144333639046,33.3897742471794,56.355752987176,98.433655323357,11.64626308276,33.9318050384521,33.697848256429,34.2823432313274,-0.138391815311792
"1141","2014-07-24",45.3499984741211,45.3499984741211,45.0499992370605,33.7920303344727,670500,0.0416118947683088,34.4144304180249,33.3920229053394,52.9110248475109,-33.2963641146981,1.51865331110239,33.9370463053385,33.7086896260579,34.1493577157135,-0.357327381240808
"1142","2014-07-25",44.6500015258789,44.7599983215332,44.3199996948242,33.2828674316406,631800,-0.0111550971360401,34.4587443884231,33.3027821008347,48.4761670745935,-177.09277565407,16.5710301857328,33.9170789082845,33.7100554784139,33.793786973379,-0.510919541738353
"1143","2014-07-28",44.7099990844727,44.7299995422363,44.4099998474121,33.3876914978027,629300,-0.0440076000779541,34.4789673034809,33.2548534210064,49.3797853594112,-149.13059396511,16.5710301857328,33.9031018575033,33.7158891677856,33.2978829472524,0.0898085505503516
"1144","2014-07-29",45,45.0099983215332,44.5900001525879,33.4101524353027,653400,-0.0674534737495023,34.4852591477218,33.1968956984697,49.5758078622801,-104.067013441006,9.25219104128424,33.8891245524089,33.7276629765828,33.3722426669047,0.0379097683980021
"1145","2014-07-30",44.2000007629395,44.25,43.8800010681152,32.9459190368652,779200,-0.122086911131063,34.5187698791878,33.0413352538689,45.7849584618818,-218.175005022692,22.4499189483304,33.8556793212891,33.7308338801066,33.4194459830661,-0.47352694620087
"1146","2014-07-31",43.4599990844727,43.5499992370605,43.189998626709,32.3693656921387,772700,-0.209492441865393,34.6274263423621,32.7462343174279,41.6893517625562,-289.794766599209,32.6286737718937,33.7985232035319,33.7245192845662,32.9571068558935,-0.587741163754821
"1147","2014-08-01",43.0800018310547,43.3800010681152,43.0699996948242,32.316951751709,800100,-0.279766349319843,34.6583545803672,32.51388701204,41.3415651135909,-258.190664596516,34.2334262804387,33.7361254374186,33.7122892379761,32.3810482703047,-0.0640965185956688
"1148","2014-08-04",43.1500015258789,43.1699981689453,42.6599998474121,32.1297645568848,986000,-0.346568345353369,34.7040115958936,32.2660617225878,40.105491905073,-252.767019100292,39.4969908204857,33.6684862772624,33.6954419453939,32.3099903887436,-0.180225831858792
"1149","2014-08-05",43.2200012207031,43.2599983215332,42.9599990844727,32.2345924377441,603900,-0.386594256646099,34.6940853970514,32.0887957674994,41.1252802848541,-199.888219725244,36.9255154628425,33.6020952860514,33.6785945892334,32.1394462954422,0.0951461423019708
"1150","2014-08-06",42.5200004577637,43.060001373291,42.5,32.4944801330566,787200,-0.392816174338876,34.6609434788907,31.9824490839756,43.5886071739108,-186.429372763261,42.696816101065,33.5468630472819,33.6624597549438,32.2242792537461,0.270200879310494
"1151","2014-08-07",43.4099998474121,43.4099998474121,42.9599990844727,32.5020408630371,687700,-0.392611223423508,34.6591243014689,31.8874653591757,43.6595510259507,-137.74112598868,32.8128136364805,33.5046119689941,33.6465755462646,32.4928028488896,0.00923801414755587
"1152","2014-08-08",42.5900001525879,42.9799995422363,42.5099983215332,32.4642639160156,546200,-0.390989992999522,34.6372454196842,31.7945378749935,43.3775831198604,-147.76097757894,38.6529506489515,33.4623495737712,33.6310602823893,32.5055167487535,-0.0412528327378325
"1153","2014-08-11",42.939998626709,43.0999984741211,42.8800010681152,32.4793739318848,871100,-0.384058714415673,34.5729985526234,31.7222761818737,43.528490725708,-118.385128355978,35.3004893328391,33.4228370666504,33.6110544840495,32.4638886357316,0.0154852961531873
"1154","2014-08-12",42.9700012207031,43.1100006103516,42.8899993896484,32.5247077941895,695700,-0.370635111530341,34.5297304933058,31.6590283567918,43.9917835003127,-105.333275586941,35.0096330183211,33.376100285848,33.5850654602051,32.4787855512878,0.0459222429016108
"1155","2014-08-13",43.0900001525879,43.1800003051758,42.9799995422363,32.6229248046875,725600,-0.348059306591502,34.4404454939835,31.6276586777694,45.003018820819,-89.477937369404,32.8727433057576,33.3246505737305,33.5565951665243,32.5237934838569,0.0991313208305513
"1156","2014-08-14",43.3899993896484,43.4300003051758,43.189998626709,32.7438049316406,883000,-0.316762363174881,34.362835277086,31.6101803173964,46.2388537335375,-68.1512260232,25.3012702170517,33.2749837239583,33.5375024795532,32.6209136439338,0.122891287706786
"1157","2014-08-15",43.7099990844727,43.810001373291,43.310001373291,32.8722381591797,689700,-0.278386752737944,34.278632535356,31.6106397729936,47.534659331144,-47.3029267482234,14.6830389806963,33.2263535817464,33.5184289296468,32.7421296539818,0.130108505197846
"1158","2014-08-18",43.6399993896484,43.7000007629395,43.5,32.8873481750488,818300,-0.243942535286529,34.1554389115053,31.6351284865659,47.6881148399098,-40.9950264848152,14.6830389806963,33.1842169443766,33.5059715270996,32.870499161442,0.0168490136068513
"1159","2014-08-19",43.7299995422363,43.8499984741211,43.6699981689453,33.1291160583496,642500,-0.194890026247485,33.9178416233138,31.7555169124528,50.1037685456062,-22.5495154308947,10.4609003327917,33.1516370137533,33.4987916946411,32.8891704329887,0.239945625360861
"1160","2014-08-20",43.6399993896484,43.7400016784668,43.5699996948242,32.9326858520508,945300,-0.169907250423094,33.6680955464368,31.8841364329334,48.2317910799315,-30.9557316286143,12.7500332215575,33.1197476704915,33.4894611358643,33.1210353759899,-0.188349523939166
"1161","2014-08-21",43.7099990844727,43.8699989318848,43.6199989318848,33.114013671875,643100,-0.133932688290678,33.5152254477436,31.9692048653667,50.0151868054476,-18.8132131097085,8.88175335668032,33.1078791300456,33.4853989919027,32.9459573789248,0.168056292950176
"1162","2014-08-22",43.5999984741211,43.6699981689453,43.3600006103516,32.8193550109863,522800,-0.127726725798674,33.4504752988245,31.9876037722204,47.2773012697608,-38.2705401781098,15.1085572309255,33.0814467112223,33.4716833750407,33.0990134863511,-0.279658475364762
"1163","2014-08-25",43.7299995422363,43.9700012207031,43.6500015258789,33.114013671875,455200,-0.0979033950483128,33.3930529390682,32.0176583493839,50.1029090366143,-9.02913113892127,6.16025564697921,33.0570985158285,33.462379582723,32.8387800517943,0.27523362008067
"1164","2014-08-26",43.9000015258789,44.060001373291,43.8699989318848,33.1668891906738,493800,-0.0692038393135164,33.335510947327,32.0508740166622,50.5944376199239,4.98392744525124,3.57810119272431,33.0429992675781,33.4552052179972,33.0901132027276,0.0767759879462275
"1165","2014-08-27",43.9199981689453,43.9500007629395,43.7900009155273,33.0989036560059,1289200,-0.051353132152208,33.35927405089,32.0424093750133,49.9400907770701,0.219396808547246,5.75617618163682,33.0186470031738,33.4424050649007,33.181383033167,-0.0824793771610928
"1166","2014-08-28",43.9000015258789,43.9900016784668,43.8199996948242,33.151782989502,820800,-0.0325640200842301,33.4083692100377,32.0715559456019,50.4556658907195,8.97963805718234,4.4945083665916,33.0005500793457,33.4333566029867,33.0949650186347,0.0568179708672929
"1167","2014-08-29",43.9799995422363,44.0800018310547,43.7299995422363,33.2877769470215,491600,-0.00662358501421778,33.4684701865315,32.1085374886394,51.7770010766739,18.1169635542081,4.4945083665916,32.9864869435628,33.4259506225586,33.1511361790791,0.136640767942431
"1168","2014-09-02",44.25,44.2799987792969,44.060001373291,33.3784332275391,480400,0.0210074401675584,33.5050422349001,32.1968323073363,52.6478843182369,48.228319598518,2.17321962357096,32.9699548085531,33.4279176712036,33.282844966917,0.0955882606220513
"1169","2014-09-03",44.560001373291,44.5800018310547,44.3400001525879,33.5522003173828,923000,0.0562780403953198,33.5749470032948,32.2586883269054,54.2849197993839,90.8863598767652,11.2535451955098,32.9449879964193,33.4305346806844,33.3791929483013,0.17300736908156
"1170","2014-09-04",44.75,44.9599990844727,44.5,33.66552734375,724500,0.0923106889404295,33.6818836580823,32.2688563931872,55.3268872234557,131.488184153494,21.1618339338191,32.9290405273438,33.4304227828979,33.5475265742609,0.118000769489058
"1171","2014-09-05",44.4199981689453,44.6199989318848,44.3499984741211,33.703296661377,388200,0.122502359845555,33.7759451704958,32.2949204606077,55.6752007456299,116.577131728405,15.7105414793421,32.9260827382406,33.4315645217896,33.6666333799384,0.0366632814385497
"1172","2014-09-08",43.9300003051758,44.0800018310547,43.8300018310547,33.114013671875,905500,0.0977524349266758,33.7582345573493,32.3776060493402,49.4519720849245,38.5612325920088,0.824542835137932,32.9204542795817,33.4187665939331,33.7030980920698,-0.589084420194752
"1173","2014-09-09",43.6800003051758,43.7099990844727,43.5099983215332,32.940242767334,609000,0.0633854137883603,33.7272076774439,32.4547198127904,47.8213540196951,-1.64074201192663,9.34643927567346,32.9055393218994,33.4043205897013,33.1325796560562,-0.192336888722195
"1174","2014-09-10",43.5800018310547,43.75,43.5099983215332,33.0309066772461,591900,0.0429697927323787,33.6953799527189,32.5371674258212,48.733744759329,11.1261916816773,8.10519434139949,32.8928977966309,33.3910111745199,32.9279616560169,0.102945021229196
"1175","2014-09-11",43.4799995422363,43.7099990844727,43.4300003051758,32.9477882385254,597700,0.0198544330585761,33.6700936301966,32.5949400917273,47.9387559547723,1.24518493926231,10.2824196735012,32.8929601033529,33.374319712321,33.0321785240448,-0.0843902855193619
"1176","2014-09-12",43.75,43.7900009155273,43.5200004577637,33.0535621643066,800700,0.00995565322764946,33.6554308637318,32.6405785814587,49.0332728695581,15.6191612442481,7.55821088671508,32.9157666524251,33.3571449279785,32.9515447527558,0.10201741155084
"1177","2014-09-15",43.689998626709,43.7900009155273,43.5200004577637,33.0535621643066,1480600,0.00208674420652244,33.6500242997316,32.6641175459715,49.0332728695581,12.8680433140021,7.55821088671508,32.9403203328451,33.3382228851318,33.0475124152038,0.00604974910287126
"1178","2014-09-16",43.5900001525879,43.7799987792969,43.4300003051758,33.0309066772461,1125800,-0.00590941133572898,33.6446874644364,32.6838102314864,48.7981189021706,0.199342473404819,10.4033060572501,32.9703584035238,33.3194223403931,33.0580577458268,-0.0271510685806646
"1179","2014-09-17",42.9799995422363,43,42.5299987792969,32.162052154541,1598900,-0.0814171941406272,33.7732915159906,32.4584997895514,40.9977012884974,-169.354920700557,32.5832315693186,32.9679403940837,33.2850178400675,33.0294041825606,-0.867352028019567
"1180","2014-09-18",42.5400009155273,42.8300018310547,42.5400009155273,32.2980537414551,1120400,-0.128798752719518,33.833615206379,32.3347128881034,42.4863955898896,-167.635260308351,32.5832315693186,32.9613928476969,33.2541279474894,32.189452868655,0.108600872800061
"1181","2014-09-19",42.810001373291,42.8600006103516,42.5,32.1545181274414,1286800,-0.175903398846863,33.89277796218,32.179600577859,41.3473956371858,-166.272637931882,33.4203057996049,32.9498087565104,33.2272103627523,32.2690907908817,-0.114572663440278
"1182","2014-09-22",42.5499992370605,42.7099990844727,42.4700012207031,32.2678337097168,1376400,-0.201764731570293,33.9278152931164,32.0894111167957,42.6040286018517,-166.228187967561,34.0765018813892,32.9432610829671,33.2028053283691,32.1767209778014,0.0911127319153664
"1183","2014-09-23",42.1800003051758,42.310001373291,42.0499992370605,31.9051876068115,1209700,-0.248656180157212,33.9891031693774,31.9072406340283,39.7822245757284,-216.558065043124,42.5505200874422,32.924121538798,33.1734793027242,32.2513751462874,-0.346187539475906
"1184","2014-09-24",41.9799995422363,42.3499984741211,41.9500007629395,31.9580707550049,2085200,-0.278342207198122,34.0122150461082,31.7632469137306,40.3779425217351,-195.758790664034,44.3704733711708,32.9052336374919,33.1406669616699,31.928111209852,0.0299595451528916
"1185","2014-09-25",41.9000015258789,41.9799995422363,41.6300010681152,31.5123271942139,1435100,-0.333986390416371,34.0838782415619,31.5329260720978,37.171543248683,-219.444701478981,49.8094363046332,32.8682137171427,33.0964321454366,31.9389914920547,-0.426664297840855
"1186","2014-09-26",41.8499984741211,42.060001373291,41.6199989318848,31.7314186096191,1019000,-0.35629876988078,34.088297688565,31.3864701871064,39.6099294535766,-176.466585279699,45.9947225892848,32.8344675064087,33.0547256151835,31.5385294949024,0.192889114716767
"1187","2014-09-29",41.3400001525879,41.7900009155273,41.2999992370605,31.5198841094971,928600,-0.386594141039204,34.0774001857075,31.2205784062114,38.131799868282,-176.560444390095,51.2973235084238,32.7893890380859,33.0078713099162,31.7020796943954,-0.182195584898345
"1188","2014-09-30",41.75,42.1199989318848,41.7099990844727,31.655876159668,1157500,-0.395075830781721,34.0136343067803,31.1120885783515,39.6300516889379,-128.206206077373,36.5206539207561,32.7483399709066,32.9662784576416,31.548095226446,0.107780933221946
"1189","2014-10-01",41.4199981689453,41.4900016784668,41.1199989318848,31.1118927001953,895900,-0.44061343255181,33.950554145069,30.9311379783441,36.0204302402068,-161.761914111073,46.5058403382827,32.6810991923014,32.9163681030273,31.632241911924,-0.520349211728668
"1190","2014-10-02",41,41.0200004577637,40.7599983215332,30.938138961792,2083100,-0.485130502158242,33.8408866671619,30.7680666180554,34.9680324300656,-167.038050209791,51.4835291683572,32.6146142959595,32.8671809832255,31.1495621045321,-0.211423142740113
"1191","2014-10-03",40.689998626709,40.8300018310547,40.5999984741211,30.8021469116211,1603800,-0.525328364089649,33.6875486315192,30.6312896787225,34.1599586838011,-159.466585769586,53.5375439521957,32.5375520706177,32.8227156003316,30.9140618240253,-0.111914912404217
"1192","2014-10-06",40.9199981689453,41.0299987792969,40.7700004577637,30.9910354614258,1054300,-0.535767734973536,33.5970606243696,30.5094798648272,36.2758776511107,-131.352452685905,45.3170407185742,32.4766080856323,32.7790273984273,30.8182421121274,0.172793349298374
"1193","2014-10-07",40.689998626709,40.7900009155273,40.4000015258789,30.5377082824707,1090400,-0.574003965924874,33.558095063381,30.3081919773294,33.5953660191135,-141.978385293272,50.5526544211739,32.3907312393188,32.7239148775736,30.971453271212,-0.433744988741264
"1194","2014-10-08",40.7099990844727,41.3199996948242,40.6800003051758,31.1950149536133,1162300,-0.544985050984486,33.4116955682497,30.2710023000974,40.2210070332112,-101.874111991351,31.3027915242001,32.3250020980835,32.6840006828308,30.5712406396023,0.623774314011026
"1195","2014-10-09",41.2099990844727,41.3899993896484,40.7599983215332,30.8021469116211,1037600,-0.54737867879998,33.2791091729729,30.1890245626838,37.8838619203141,-100.071076837495,28.9745490123932,32.2484435399373,32.6335452715556,31.1372114387379,-0.335064527116856
"1196","2014-10-10",40.5,40.6399993896484,40.3499984741211,30.4923782348633,825300,-0.567726986159748,33.1147003337242,30.0973150089882,36.1695497963243,-121.153163605563,36.0719149120168,32.1597967147827,32.5801733970642,30.8696107165424,-0.377232481679165
"1197","2014-10-13",40.5200004577637,40.6100006103516,40.1500015258789,30.33371925354,1071100,-0.589856125921422,32.9184379631163,30.0215930885194,35.3226360616038,-119.38736293819,39.2379725833708,32.061328125,32.5239075342814,30.4565185356546,-0.122799282114574
"1198","2014-10-14",40.0499992370605,40.4099998474121,40.0299987792969,30.348840713501,1205500,-0.599265493590565,32.6677991974361,30.0040252578251,35.4716062088561,-117.42129935507,41.1086969490737,31.9603417078654,32.4651482582092,30.3673464859422,-0.0185057724412445
"1199","2014-10-15",40.2900009155273,40.3800010681152,39.3800010681152,30.2052917480469,1393200,-0.611259468426368,32.6015437524236,29.8746046621882,34.6870149533924,-126.358042957469,50.0185533701109,31.8487780888875,32.3968830426534,30.3243387505888,-0.119047002541972
"1200","2014-10-16",39.1399993896484,39.6199989318848,39,29.75954246521,2066100,-0.649248884738544,32.5306208379742,29.6916764490131,32.3859291477905,-149.006073111365,54.3360290770409,31.7185785929362,32.32380956014,30.2290243446196,-0.469481879409599
"1201","2014-10-17",39.939998626709,40.3300018310547,39.7700004577637,30.4243927001953,1340500,-0.618577338776451,32.3860757014005,29.6632090428622,38.6641515124758,-99.5734134949898,31.6267102115466,31.6092817942301,32.2676822662354,29.7589893542612,0.665403345934099
"1202","2014-10-20",40.0499992370605,40.5299987792969,40.0200004577637,30.6057147979736,733600,-0.57303317002296,32.1808887208298,29.7021841322586,40.2299413022329,-81.0013387020276,26.0422663127423,31.5256718317668,32.2230630556742,30.3910058716746,0.214708926298989
"1203","2014-10-21",40.6199989318848,41.0900001525879,40.5800018310547,31.0136814117432,1090800,-0.498275778932225,32.0516143257249,29.7423079078567,43.5821624458572,-44.4668818681397,11.83985981939,31.4614531199137,32.1834962209066,30.6233019529933,0.390379458749869
"1204","2014-10-22",40.5999984741211,40.9300003051758,40.4799995422363,30.5830345153809,1738300,-0.468380415491946,31.8755994618472,29.780819147772,41.0670225288516,-55.9768399959711,13.6962110151053,31.3798573811849,32.1363775889079,30.9838668172825,-0.40083230190168
"1205","2014-10-23",39.6599998474121,39.6800003051758,39.1300010681152,29.5706615447998,3491200,-0.520379551013956,31.8676748128194,29.5945772318583,36.0128165211934,-132.886149591845,33.8090550070516,31.267286491394,32.0801232973735,30.6251638021607,-1.05450225736094
"1206","2014-10-24",38.8199996948242,39.1399993896484,38.7900009155273,29.4422206878662,5691000,-0.56543535744882,31.7895573198628,29.4437749326396,35.4403583775275,-150.06141014135,37.7167818369333,31.1469084421794,32.0313375473022,29.5813556260974,-0.139134938231155
"1207","2014-10-27",39.1100006103516,39.5200004577637,39.0400009155273,29.7897567749023,2481800,-0.566568106459592,31.6774916431027,29.3828278759403,38.1905411681773,-122.540340619327,28.6431396832281,31.0381149291992,31.9892176310221,29.429842617741,0.359914157161317
"1208","2014-10-28",39.8499984741211,39.9799995422363,39.7000007629395,30.190185546875,1759900,-0.52905593533962,31.4822062147975,29.4315442429662,41.1772598976583,-80.8819721744807,18.5370158032251,30.9434242248535,31.9568913141886,29.7821813752137,0.408004171661329
"1209","2014-10-29",40.189998626709,40.2599983215332,39.689998626709,30.1070690155029,825500,-0.500267308784252,31.3946171270775,29.4186509622169,40.7543973209552,-71.4282042442842,12.7724845036527,30.8749247868856,31.9214325904846,30.1843572075608,-0.0772881920579174
"1210","2014-10-30",39.439998626709,39.939998626709,39.4099998474121,30.0617408752441,1052600,-0.475626985107283,31.3290412416728,29.3965870389669,40.5196443055099,-84.923460528335,17.082887517636,30.8003810246785,31.8808869361877,30.1173079259348,-0.0555670506906871
"1211","2014-10-31",40.3899993896484,40.4300003051758,40.1399993896484,30.3941593170166,4966500,-0.424383927212055,31.286562596515,29.3982669246642,43.0100793662208,-35.1346581482902,7.17537744798768,30.7417023976644,31.8457555770874,30.0552983843555,0.338860932661131
"1212","2014-11-03",39.7299995422363,39.9700012207031,39.5999984741211,30.1826171875,3485200,-0.396275103840061,31.1971705529921,29.4068171407945,41.8563652763171,-69.2589985450317,15.5898411236039,30.6721951802572,31.8077281316121,30.3864533614637,-0.203836173963687
"1213","2014-11-04",39.8499984741211,40.1300010681152,39.8300018310547,30.2959499359131,4459400,-0.360695776779586,31.1781832950601,29.4016285640708,42.7080973536815,-48.5436255181775,12.3637383678687,30.6185539245605,31.7713377316793,30.1977769056735,0.0981730302396322
"1214","2014-11-05",39.9500007629395,40.060001373291,39.7700004577637,30.4819869995117,1945700,-0.313869178974716,31.0410102378876,29.4674988258331,44.098659367859,-42.5405952064736,13.3333898316594,30.5693511327108,31.7372923851013,30.2804478583044,0.201539141207316
"1215","2014-11-06",40.0299987792969,40.1699981689453,39.9199981689453,30.4667415618896,1216500,-0.274820977097736,30.9885559772985,29.486412551449,44.008108317277,-29.2978726525918,10.9281622713259,30.5344982783,31.7013559977214,30.4873881428052,-0.0206465809155816
"1216","2014-11-07",39.7200012207031,39.9799995422363,39.5900001525879,30.4819869995117,1939900,-0.239879633285831,30.9873080152865,29.4866213899259,44.1267930790628,-46.2936913962837,16.6041044293829,30.4928505579631,31.6636590321859,30.464912029811,0.0170749697007437
"1217","2014-11-10",40.3899993896484,40.4500007629395,40.2099990844727,30.7488460540771,1684800,-0.188482363743809,31.0415532245284,29.4738888607377,46.192084287321,20.230242503159,6.29195287443407,30.4671492894491,31.6282691637675,30.482264016202,0.266582037875114
"1218","2014-11-11",40.6800003051758,40.7900009155273,40.5800018310547,31.0614318847656,1488600,-0.121130278734384,31.1554930047474,29.4312081976452,48.4988588363736,80.2362655034106,0.511833930862624,30.4473344802856,31.5978372255961,30.7390119733751,0.322419911390501
"1219","2014-11-12",40.4500007629395,40.5099983215332,40.310001373291,30.802209854126,719300,-0.087659829632905,31.2133760336815,29.433016979319,46.7784537379062,44.2693578248387,4.66825185219189,30.43701171875,31.5590554555257,31.0585348458877,-0.256324991761687
"1220","2014-11-13",40.6500015258789,40.9700012207031,40.6100006103516,31.030933380127,1379700,-0.0421918195204611,31.2889688438403,29.4845632606519,48.4476591238255,99.0493136598936,4.31291648641889,30.4401048660278,31.5273595809937,30.8158495976727,0.215083782454222
"1221","2014-11-14",40.5,40.7599983215332,40.4000015258789,31.0385646820068,1022800,-0.00547915139613053,31.3657053854683,29.469243917205,48.5034048859651,76.4710304475766,0.120527943991338,30.447985458374,31.4927687644958,31.011285075238,0.0272796067688432
"1222","2014-11-17",40.4000015258789,40.7200012207031,40.3800010681152,31.0080623626709,869200,0.020913542046511,31.419125476282,29.4560585828611,48.2875033634562,74.1315187329376,0.287471336897246,30.4485530217489,31.4625805536906,31.0517858029741,-0.0437234403032036
"1223","2014-11-18",40.9799995422363,40.9900016784668,40.8600006103516,31.1986618041992,771200,0.0565577611101382,31.4543731979957,29.4393089003929,49.7338458832099,120.048981324596,5.28252172601569,30.4705848058065,31.4306580225627,31.0001138220906,0.198547982108597
"1224","2014-11-19",41.2299995422363,41.4500007629395,41.0400009155273,31.5036334991455,896900,0.108167837054737,31.605261633501,29.3804803632641,51.9579658172691,166.202489313215,13.9830964393749,30.4808720906576,31.4029370943705,31.1954657665697,0.308167732575765
"1225","2014-11-20",41.2999992370605,41.4500007629395,41.25,31.5188961029053,1124800,0.148587929481572,31.7038533454541,29.4767121071215,52.0677658751017,170.192127343168,13.9830964393749,30.504763730367,31.3766036351522,31.493691936307,0.0252041665982361
"1226","2014-11-21",41.689998626709,41.7700004577637,41.3699989318848,31.6179981231689,927500,0.186468357592219,31.7644739049584,29.6336692911475,52.7924845626534,176.957273690019,19.8365754351363,30.5422843933105,31.3510405540466,31.5258989966623,0.0920991265066213
"1227","2014-11-24",41.7700004577637,41.7799987792969,41.5299987792969,31.7094917297363,1118500,0.221320395438216,31.8614310602338,29.7286856313556,53.4644670826615,166.649360366695,20.0183620005775,30.5881434758504,31.3247358004252,31.6094329525038,0.100058777232487
"1228","2014-11-25",41.5099983215332,41.5400009155273,41.2000007629395,31.5036334991455,957100,0.229682214154323,31.9320227826013,29.7894387042151,51.7498900237981,120.705462501768,11.1272891438235,30.6266365687052,31.2934891382853,31.7117981896751,-0.208164690529614
"1229","2014-11-26",41.6300010681152,41.6699981689453,41.5200004577637,31.7094917297363,716400,0.250037774686671,32.0144996496403,29.8672041085994,53.2992035425505,134.123329189098,13.8158532926016,30.6767765680949,31.2627773284912,31.5104503816749,0.199041348061385
"1230","2014-11-28",42.1399993896484,42.3899993896484,42.1100006103516,32.1288261413574,470800,0.296587608228094,32.1587249111434,29.9296873737077,56.258893968083,182.079431715834,26.9073278734453,30.7557526906331,31.2371656417847,31.6957796149219,0.433046526435565
"1231","2014-12-01",42.3199996948242,42.3199996948242,42.0800018310547,32.1135940551758,778600,0.328463264575369,32.2975797854516,29.9627759732154,56.1252337071484,159.71021070248,26.0545152242766,30.8120594024658,31.210670598348,32.1211660713351,-0.00757201615933667
"1232","2014-12-02",42.4599990844727,42.4799995422363,42.1399993896484,32.2203178405762,788000,0.358207476622123,32.4069180584674,30.0572077655072,56.8679724499584,153.792124054746,28.7830529768513,30.8658795038859,31.1957756678263,32.1195187250626,0.100799115513567
"1233","2014-12-03",42.0800018310547,42.0800018310547,41.8400001525879,32.0068550109863,1678900,0.360400836103182,32.4539909224371,30.1812254090449,54.9434564028764,114.434885293048,19.9144710852548,30.8989852905273,31.1802192052205,32.2116848454708,-0.204829834484464
"1234","2014-12-04",42.5200004577637,42.5400009155273,42.0099983215332,32.10595703125,1250200,0.365917722371741,32.5156965854065,30.2819167492493,55.6640547592466,123.390083341474,28.0372348004767,30.9497493743896,31.1648033777873,32.0215047057027,0.0844523255472893
"1235","2014-12-05",42.5200004577637,42.5200004577637,42.2700004577637,32.3423156738281,1130000,0.384924887119752,32.5948251639488,30.3903455819008,57.3471015089998,126.340278295436,28.0372348004767,31.0421378453573,31.1547121683756,32.0917240610508,0.250591612777292
"1236","2014-12-08",42.3400001525879,42.5299987792969,42.1599998474121,32.2203178405762,1181600,0.385697911125934,32.6185425060329,30.5404613239232,56.2077948341689,111.723312974567,24.5843755834327,31.1347410837809,31.1408247629801,32.3425125450443,-0.122194704468079
"1237","2014-12-09",42.0299987792969,42.0800018310547,41.7000007629395,31.8848476409912,1083000,0.355146983401767,32.606038505982,30.6665654826654,53.2011949065026,71.2255411099035,11.1814257399044,31.2045774459839,31.1213461875916,32.2252798441003,-0.340432203109124
"1238","2014-12-10",41.9000015258789,41.9199981689453,41.4700012207031,31.6637439727783,1001500,0.309525912838481,32.5976291142363,30.7352060832124,51.3291825921707,49.6154755564815,5.13606487009833,31.2536960601807,31.0985601425171,31.8950144929608,-0.231270520182523
"1239","2014-12-11",41.5699996948242,41.7599983215332,41.3699989318848,31.6027545928955,1071300,0.26539029832858,32.5455094865818,30.8673801847439,50.8189193701512,36.7559970362844,2.5445759895951,31.3035522460938,31.0892385164897,31.6652036106675,-0.0624490177720247
"1240","2014-12-12",41.3699989318848,41.4500007629395,40.2900009155273,30.7183322906494,1489400,0.157234515860125,32.5921943989795,30.7894351633984,44.2239051884053,-37.7845850363226,20.1714593456765,31.3254386266073,31.0629098256429,31.6039121566237,-0.8855798659743
"1241","2014-12-15",40.4099998474121,40.5400009155273,39.5,30.2151298522949,1121600,0.0305637280647026,32.7332644869608,30.566021592446,41.0856599170194,-106.629000556162,31.9575116070371,31.3194709777832,31.0305866877238,30.7509461153664,-0.535816263071453
"1242","2014-12-16",39.6300010681152,40.4799995422363,39.5099983215332,30.4743576049805,1541800,-0.048348934273772,32.7957229906873,30.4501926129504,43.2324613282719,-101.961666531901,31.9575116070371,31.3291956583659,31.0006954193115,30.2056484332882,0.268709171692251
"1243","2014-12-17",39.9199981689453,40.5400009155273,39.8499984741211,30.6725845336914,1080400,-0.0938111348494921,32.8314469773768,30.3618608992101,44.8229612704729,-84.7475005769285,30.2880526248253,31.3417501449585,30.9801520347595,30.4679323601748,0.204652173516557
"1244","2014-12-18",40.4000015258789,41.3699989318848,40.4000015258789,31.5417652130127,806200,-0.0590242448151059,32.8328664702949,30.3642545776787,51.0446009637836,-15.4136094928066,9.75531903440094,31.3770760854085,30.9732136090597,30.6711012649758,0.87066394803692
"1245","2014-12-19",40.7099990844727,41.2099990844727,40.5999984741211,31.3358955383301,1111300,-0.047519570035611,32.8289053052041,30.3499156863121,49.672247909164,-25.2997226938548,9.75531903440093,31.4060478846232,30.9702730814616,31.5168617926554,-0.180966254325313
"1246","2014-12-22",41.3899993896484,41.5200004577637,41.2400016784668,31.5951290130615,916800,-0.0172848089615805,32.8276929996342,30.3488410808712,51.3751749877,14.22257524542,2.83841860036965,31.4431526184082,30.9680015881856,31.3683140105418,0.226815002519697
"1247","2014-12-23",41.3199996948242,41.5099983215332,41.2000007629395,31.564640045166,1004400,0.00416820365987292,32.8191599877413,30.3428889243071,51.1645390439384,7.78866493443985,3.67573894476271,31.4703457514445,30.9687475204468,31.5632367799161,0.00140326524993384
"1248","2014-12-24",41.4300003051758,41.6199989318848,41.4199981689453,31.6332511901855,375200,0.0264018723687265,32.8252921014003,30.349718579752,51.6262436240728,21.7427935201381,1.11421659536733,31.4894063949585,30.9683704376221,31.5883877815144,0.044863408671123
"1249","2014-12-26",41.5699996948242,41.75,41.5299987792969,31.6713848114014,335900,0.0465625356151733,32.8227132549863,30.3484867343325,51.8877733065667,30.4095039589224,1.94633949287091,31.5183788935343,30.9776953061422,31.6166549367771,0.0547298746242966
"1250","2014-12-29",41.2099990844727,41.4700012207031,41.189998626709,31.4731464385986,1009200,0.0460134125719733,32.7637911843592,30.3418408346838,50.421779042349,-8.71118144735473,6.00750653579094,31.5331193288167,30.9866120974223,31.6817960753594,-0.208649636760768
"1251","2014-12-30",40.9500007629395,41.1100006103516,40.75,31.0766754150391,783300,0.0134315004727235,32.6995804121378,30.3023597428915,47.6371945579709,-66.512476621408,15.1638561700489,31.5343896865845,30.9911875724792,31.4743051785565,-0.397629763517447
"1252","2014-12-31",40.9000015258789,40.9300003051758,40.4500007629395,30.8631896972656,434300,-0.0292789038772518,32.6137807215137,30.2524466191845,46.2154865984968,-99.7997874154391,20.7879550471011,31.5295605977376,30.9890568097432,31.0886319527544,-0.225442255488726
"1253","2015-01-02",40.2700004577637,40.3499984741211,39.8499984741211,30.4819869995117,907700,-0.0928171406802285,32.5777915313,30.1359490082508,43.8008216842279,-160.395361861539,30.621168397538,31.5056714375814,30.9881281216939,30.8591498409365,-0.377162841424795
"1254","2015-01-05",39.3400001525879,39.4700012207031,39.0400009155273,29.9101638793945,1347000,-0.187155584900673,32.5746295588841,29.9195316654812,40.5159082944139,-218.948224392458,41.1616246077792,31.4525557835897,30.9667139371236,30.4944831299598,-0.584319250565304
"1255","2015-01-06",39.2599983215332,39.5299987792969,38.8800010681152,29.7576770782471,1416000,-0.271098833485141,32.4986264716927,29.7370708931144,39.6946728364552,-193.279919651193,42.9904799938142,31.3938484827677,30.9493061065674,29.9143638200165,-0.156686741769477
"1256","2015-01-07",39.0999984741211,39.5,39,30.0778999328613,1067100,-0.308232047438388,32.3635149390243,29.6579406350113,42.2381426637601,-157.364508201482,42.9904799938142,31.3425118764242,30.9423981348674,29.7492106314685,0.328689301392792
"1257","2015-01-08",39.8600006103516,40.3300018310547,39.8499984741211,30.634464263916,1127900,-0.289414111192968,32.2453287411356,29.6510884951925,46.3096345551604,-81.4122110436203,20.7435751298116,31.3066776275635,30.9474105517069,30.0704598927143,0.564004371201669
"1258","2015-01-09",40.1100006103516,40.1399993896484,39.6199989318848,30.3828659057617,1042000,-0.29144307163758,32.158821491846,29.6095079377804,44.8318379713852,-93.2735663179683,24.2353075506288,31.269318707784,30.9479776382446,30.6294286192852,-0.246562713523524
"1259","2015-01-12",40.439998626709,40.6199989318848,40.1100006103516,30.8479518890381,1124700,-0.252610548287095,32.0753749765595,29.6174741826812,48.0047338121569,-48.7636834455764,13.1176242151293,31.2406007130941,30.9586886405945,30.4021934682082,0.44575842082984
"1260","2015-01-13",41.0400009155273,41.0900001525879,40.3300018310547,30.9775657653809,1112300,-0.208967885460513,32.0881165263185,29.6306559803954,48.852801768082,-22.1782567147913,3.42958473198044,31.2022253672282,30.9789890289307,30.8170510985978,0.16051466678304
"1261","2015-01-14",40.8400001525879,41.0499992370605,40.6599998474121,31.2062911987305,1303300,-0.154147612090313,32.1078563351511,29.7100323062063,50.3316803923306,-3.49677348340123,3.42958473198043,31.17198193868,30.9920206705729,31.0000851306409,0.206206068089546
"1262","2015-01-15",41.3300018310547,41.5200004577637,41.0800018310547,31.4883937835693,1153000,-0.0869366776155118,32.1669123049096,29.7523799543067,52.0988274449996,37.186980349468,5.79036083760312,31.1475844701131,31.0067319869995,31.1887342820261,0.299659501543207
"1263","2015-01-16",41.7400016784668,41.8400001525879,41.3300018310547,31.8543586730957,1142600,-0.0040940263398106,32.2812604469845,29.7562092261723,54.2817505098681,69.3294323099493,11.5301152660093,31.1425012588501,31.0207432746887,31.4934965059441,0.360862167151609
"1264","2015-01-20",41.25,41.4799995422363,41.0499992370605,31.5417652130127,1847100,0.0359216099104813,32.2812604469845,29.7562092261723,52.1805631938105,42.51113800768,5.51703845811051,31.1236948649089,31.0367221196493,31.8450024548097,-0.303237241796978
"1265","2015-01-21",41.4799995422363,42.0499992370605,41.3300018310547,32.0297203063965,2523700,0.105788721431658,32.3886802730895,29.7181718768738,54.9938012539516,92.2933431747589,15.4380479351282,31.1132750193278,31.0777064323425,31.5634835450172,0.466236761379307
"1266","2015-01-22",41.3400001525879,42.1399993896484,41.3300018310547,32.0297203063965,3358600,0.159322341894896,32.4607247074621,29.6895865718348,54.9938012539516,99.1879931630304,16.9106321479642,31.1069217681885,31.1208314259847,31.9952607300461,0.0344595763503683
"1267","2015-01-23",42.6699981689453,42.9099998474121,42.4799995422363,32.4109382629395,1476400,0.229859547145651,32.6132869618559,29.6216541392183,57.1037011780506,172.966254275055,28.325734842667,31.1244581222534,31.1645177841187,32.0601531880767,0.350785074862721
"1268","2015-01-26",42.9500007629395,43.6300010681152,42.8600006103516,33.2419853210449,4242600,0.348798609488469,32.9598499089003,29.4359646052599,61.2051656066347,218.655857734052,36.9797987697818,31.1770661671956,31.2153811136881,32.3786230643305,0.863362256714467
"1269","2015-01-27",43.6100006103516,44.0499992370605,43.6100006103516,33.4783325195312,1628200,0.4568634791863,33.3174626521932,29.2590466327799,62.2666000240177,232.957793716754,41.3923429823182,31.2395854314168,31.2715688387553,33.2440558528477,0.234276666683527
"1270","2015-01-28",44.0200004577637,44.0400009155273,43.4700012207031,33.1581192016602,1282000,0.510779183886495,33.5671981415495,29.1778084197298,59.9670434975031,191.535564104958,37.9506240949245,31.3209116617839,31.3231751441956,33.4933352736643,-0.335216072004094
"1271","2015-01-29",44.560001373291,44.689998626709,44.2799987792969,34.0577850341797,1850100,0.618968202027677,34.0161056362249,29.0270118869685,63.8475770264608,223.712149375588,44.6387545662213,31.4490001678467,31.3842355728149,33.165067784518,0.892717249661736
"1272","2015-01-30",44.2400016784668,44.2799987792969,43.8800010681152,33.5240859985352,2073500,0.654103627049516,34.2816201584468,29.0275869948736,60.2628048141184,172.379425366996,35.062174759677,31.5506577809652,31.4399267196655,34.0208596487793,-0.496773650244194
"1273","2015-02-02",43.560001373291,43.939998626709,43.3899993896484,33.4554672241211,998100,0.668703346961806,34.4868250272681,29.1197301485132,59.8161159263107,136.230468838243,24.286294520249,31.6434205373128,31.4925853411357,33.5825325372512,-0.127065313130139
"1274","2015-02-03",43.7000007629395,43.9500007629395,43.6100006103516,33.4783325195312,1741200,0.674345335165562,34.6091569159491,29.3542151238458,59.9185292764439,127.032797763209,24.4178766767273,31.7079727808634,31.542524433136,33.4124975844203,0.0658349351109777
"1275","2015-02-04",43.2799987792969,43.560001373291,43.1599998474121,33.2978248596191,2164000,0.656681377723487,34.627508981698,29.6898778362341,58.6968380810413,96.9181145287126,14.8210389537043,31.7733704249064,31.5897091547648,33.5066220087373,-0.208797149118169
"1276","2015-02-05",43.2200012207031,43.5299987792969,43.1800003051758,33.436092376709,1648800,0.646388433766361,34.6521889962942,30.0010170660227,59.3535437595172,90.7299578940995,14.8210389537042,31.8347358703613,31.6389442443848,33.2832683461249,0.152824030584092
"1277","2015-02-06",42.8800010681152,42.9799995422363,42.5099983215332,32.7755165100098,1021100,0.578262400743995,34.6244808834962,30.2428304034301,55.0293268755922,52.2748297073039,1.50098855332416,31.8750984191895,31.672722085317,33.4330852836005,-0.657568773590732
"1278","2015-02-09",42.1800003051758,42.8600006103516,42.1800003051758,32.8292770385742,954800,0.522586007911165,34.5268258016827,30.5851265985248,55.303483393648,42.3833113722528,4.34161447424685,31.9149659474691,31.7021861712138,32.8059676948071,0.0233093437671528
"1279","2015-02-10",42.7799987792969,43.060001373291,42.5800018310547,32.98291015625,781000,0.485265139632673,34.4683994901173,30.8570487368114,56.0947631989007,52.1406114153994,0.590360313150509,31.958683458964,31.7385311762492,32.7969930335874,0.185917122662637
"1280","2015-02-11",42.9500007629395,43.0800018310547,42.7400016784668,32.98291015625,617400,0.450495056056845,34.3883749849089,31.1376076811067,56.0947631989007,51.6461323995043,0.205253317805805,32.0090089162191,31.7710641225179,32.9931058958969,-0.010195739646889
"1281","2015-02-12",42.810001373291,43.2400016784668,42.7999992370605,33.1826133728027,1170300,0.434050431714667,34.3204562004717,31.4031586829512,57.1500095598851,54.9000830924611,2.97138807673074,32.0792068481445,31.8067982673645,32.9793282515393,0.203285121263399
"1282","2015-02-13",43.1199989318848,43.1399993896484,42.7999992370605,33.0520362854004,986600,0.405803617275282,34.2485878526139,31.6313912809921,56.235779632632,47.6873087734767,2.97138807673073,32.1521684010824,31.84086449941,33.1758387428048,-0.123802457404402
"1283","2015-02-17",43.0299987792969,43.2799987792969,42.6699981689453,33.1672439575195,1143600,0.388238735165324,34.2127100490821,31.7985576129663,56.8655769420703,46.4978798549389,5.95237119498235,32.2416769663493,31.8736742019653,33.06464292445,0.10260103306949
"1284","2015-02-18",42.6500015258789,43.1399993896484,42.6100006103516,33.0520362854004,1092500,0.360862346731608,34.0722767408325,32.0900180284546,56.0314413437704,37.4520724133419,4.48184867914235,32.3464060465495,31.8994809150696,33.1545428665672,-0.102506581166821
"1285","2015-02-19",43.2599983215332,43.5,43.1599998474121,33.2286911010742,1309900,0.349393339987074,34.0007771813908,32.2814146673641,57.031228334532,55.0756133125281,12.2899214521555,32.462106513977,31.9279774983724,33.0645528383773,0.164138262696952
"1286","2015-02-20",42.810001373291,43.4599990844727,42.7200012207031,33.2901458740234,1916700,0.341328335508109,33.8874715987629,32.5207628067547,57.3799927488227,43.4956292797223,1.45460751389426,32.5691813786825,31.9558466275533,33.2141746031747,0.0759712708487399
"1287","2015-02-23",43.5800018310547,43.9199981689453,43.4700012207031,33.6818923950195,2700000,0.362370252927313,33.872294927339,32.6630348913866,59.5453069489872,78.6432358133931,11.0470742160039,32.6707623163859,31.9887199719747,33.2985167153901,0.383375679629417
"1288","2015-02-24",44.0699996948242,44.2599983215332,43.7900009155273,33.9046478271484,1490800,0.392496174232676,33.9688075910091,32.6327884783268,60.7192147217297,100.260080056899,17.3998109595009,32.7881550470988,32.0287368774414,33.6657438041366,0.238904023011834
"1289","2015-02-25",44.1399993896484,44.1399993896484,43.6699981689453,33.7817459106445,1406900,0.401822071668384,34.0140584325492,32.617878975898,59.7299537966778,89.4109240816446,14.3194851728215,32.8859481811523,32.0632744471232,33.9141451113706,-0.132399200726091
"1290","2015-02-26",43.7200012207031,44.1699981689453,43.7200012207031,33.8355140686035,1921200,0.408838715346448,34.0806464728589,32.6190304222827,60.0247121141511,91.9492409166079,14.9160436516857,32.9812131245931,32.0917192459106,33.7862912105289,0.049222858074657
"1291","2015-02-27",44.0099983215332,44.3699989318848,43.9799995422363,33.8815841674805,1732700,0.413352062692987,34.0394317804487,32.642625028023,60.2823942104113,106.049807600472,18.9383766115208,33.0703895568848,32.1211857477824,33.8275579646182,0.0540262028622323
"1292","2015-03-02",44.2700004577637,44.3499984741211,44.0299987792969,33.9507255554199,1288000,0.41769314853866,34.1087219465425,32.6159988176177,60.6759381430287,105.567400591714,18.9383766115208,33.1524672826131,32.1500258763631,33.8846967389187,0.0660288165011949
"1293","2015-03-03",44.3600006103516,44.3899993896484,43.9599990844727,33.8355140686035,1500300,0.407143588374964,34.1565024774276,32.6062229711808,59.6569891695536,96.028167434624,16.7313391962103,33.2185057957967,32.1805035273234,33.9483740296802,-0.112859961076637
"1294","2015-03-04",43.8400001525879,43.9500007629395,43.5900001525879,33.5820236206055,1971400,0.374016990248293,34.16579412722,32.6073004314959,57.4606688105696,49.3189275237221,5.65385690416795,33.2865144093831,32.205104637146,33.8422976420732,-0.260274021467723
"1295","2015-03-05",44.2700004577637,44.3699989318848,44.1699981689453,34.0121726989746,982200,0.378114687537497,34.2484598430128,32.5960694996386,60.0429773454586,107.65356325606,15.3960122971625,33.3525961558024,32.2329355875651,33.5847462407034,0.427426458271199
"1296","2015-03-06",43.7200012207031,43.75,42.9599990844727,33.044361114502,886700,0.299811791922529,34.2458912506401,32.5594649657905,52.6097294317658,-32.7807672905205,12.4463703318199,33.3864175160726,32.2466696421305,33.9882840671323,-0.943922952630331
"1297","2015-03-09",42.8699989318848,42.9099998474121,42.560001373291,32.8215980529785,929000,0.217276438120642,34.2412025166666,32.5687618540609,51.1033263807726,-110.820850195574,19.3248365792519,33.4001061757406,32.262282148997,33.1064464473277,-0.284848394349233
"1298","2015-03-10",42.5099983215332,42.5699996948242,42.1300010681152,32.3607292175293,1148600,0.113371436865435,34.3071620878234,32.4559475007997,48.1524505666659,-159.556304453527,26.0051085815298,33.37073097229,32.2738985697428,32.7822092556987,-0.42148003816942
"1299","2015-03-11",42.2400016784668,42.2799987792969,41.9900016784668,32.322322845459,1186100,0.0276086462369065,34.3756105313616,32.3214403261824,47.9139371454009,-164.62064394965,28.0778170748845,33.3321973164876,32.2858913739522,32.386591377544,-0.0642685320850589
"1300","2015-03-12",42.2000007629395,42.3499984741211,41.9099998474121,32.3376884460449,1105900,-0.0386733058753066,34.4286912220602,32.2038374644632,48.0204975982576,-148.675336976328,29.2877700826834,33.3048496246338,32.3128806432088,32.298380788313,0.0393076577319249
"1301","2015-03-13",41.7099990844727,42.0900001525879,41.689998626709,32.3069610595703,1181100,-0.092614076327294,34.4725331827321,32.0724302724681,47.8181181779971,-158.573084133581,32.6199309103118,33.2464888254801,32.3477444966634,32.3436656587463,-0.0367045991759625
"1302","2015-03-16",42.5099983215332,42.8499984741211,42.4900016784668,32.7908630371094,787200,-0.0952180654950752,34.4751564498977,32.0436896804733,51.1706699134424,-66.55737133453,12.9628779226991,33.2220480600993,32.3863529205322,32.3065712279964,0.484291809112996
"1303","2015-03-17",42.4300003051758,42.5999984741211,42.2099990844727,32.6602897644043,714500,-0.106589223315311,34.478697470607,31.9894532404525,50.2691456797238,-88.5575579760081,17.763393772685,33.1955421447754,32.4194813410441,32.7715558434818,-0.11126607907751
"1304","2015-03-18",42.7099990844727,43.7700004577637,42.6100006103516,33.489860534668,1515500,-0.0481069724318957,34.5025073246484,32.0094258113379,55.4299972896132,14.8334388610289,5.51420363128018,33.1959264119466,32.451949596405,32.6892922667881,0.800568267879918
"1305","2015-03-19",42.810001373291,42.9000015258789,42.4799995422363,32.66796875,1350300,-0.0673033345060716,34.5019733589652,31.9538875419137,50.1012129193544,-60.3799070244594,3.0938184587026,33.1749312082926,32.4741508165995,33.4427733176123,-0.774804567612328
"1306","2015-03-20",43.1100006103516,43.4099998474121,42.9799995422363,33.2133369445801,1416000,-0.0380710746318016,34.4978062874656,31.950373720469,53.1902160615238,6.88015400606361,11.5977972263688,33.1675060272217,32.5011209487915,32.7562905812478,0.457046363332296
"1307","2015-03-23",43.2299995422363,43.5,43.1500015258789,33.2517509460449,805200,-0.0116700837344652,34.4581481073983,31.9470177556388,53.4004163926317,17.6757345416383,13.037395832759,33.1833805084229,32.5292394638061,33.1199653687367,0.131785577308179
"1308","2015-03-24",43.4199981689453,43.5099983215332,43.0499992370605,33.082763671875,955000,-0.00433302061495766,34.3733420617425,31.9496353857673,52.33100804764,3.85017814010589,10.8924772757593,33.1918300628662,32.5533980051676,33.3016513583927,-0.218887686517718
"1309","2015-03-25",43.310001373291,43.3400001525879,42.7200012207031,32.8139266967773,851900,-0.0199809148098495,34.297651164931,31.9285443611921,50.6613261613844,-31.561994734916,3.93554394667105,33.1861972808838,32.5724403699239,33.0796154995438,-0.265688802766441
"1310","2015-03-26",42.4199981689453,42.4900016784668,42.0699996948242,32.5450859069824,917300,-0.0534589471705758,34.207753379475,31.889399330486,49.0425850082383,-105.542059926398,8.19175748687843,33.1716031392415,32.5903060277303,32.8220030784224,-0.276917171439983
"1311","2015-03-27",42.1300010681152,42.560001373291,42.1100006103516,32.6526222229004,633300,-0.0705005604606441,34.0892691707992,31.8849873447038,49.7075320371343,-89.3925469120636,6.75777105100944,33.1539367675781,32.6165718078613,32.5448018544674,0.107820368432989
"1312","2015-03-30",42.5400009155273,42.939998626709,42.5200004577637,32.8830451965332,763400,-0.0646675067603795,33.9384919983736,31.9289964812406,51.1213476217334,-44.874634728347,0.866842127626354,33.1483037312826,32.6502360661825,32.6363898312677,0.246655365265539
"1313","2015-03-31",41.5800018310547,42.060001373291,41.5699996948242,32.0381164550781,1443000,-0.126762221763599,33.8303768650878,31.8573718531739,46.1952327012085,-140.372341294776,15.2994912034882,33.1106661478678,32.6761715571086,32.8810710466455,-0.842954591567363
"1314","2015-04-01",41.7299995422363,41.8800010681152,41.4599990844727,32.1302909851074,1589400,-0.166614389564195,33.7426242661357,31.7999511885762,46.7740477192659,-134.504029124206,16.9470949449407,33.0799413045247,32.7131736755371,32.0912867098283,0.0390042752791544
"1315","2015-04-02",42.1699981689453,42.5299987792969,42.1399993896484,32.6372489929199,1195700,-0.15549776383245,33.4792078050839,31.9258752790226,49.8439641276959,-63.7477299428791,4.15012961008719,33.0602265675863,32.7611665407817,32.0769889550029,0.560260037917061
"1316","2015-04-06",42.5200004577637,43.0499992370605,42.5200004577637,32.8600158691406,635600,-0.127245525468517,33.4571798991994,31.929468660371,51.1253750800462,-22.7743832038455,4.76203607967438,33.0458889007568,32.8075351397196,32.630134544089,0.229881325051615
"1317","2015-04-07",43.2099990844727,43.4500007629395,43.0099983215332,33.0520362854004,882100,-0.0883426214593186,33.4836540844623,31.9260382983502,52.2140188301452,17.6039464682841,11.0227523554838,33.0248936971029,32.8478280067444,32.8664149785402,0.185621306860185
"1318","2015-04-08",43.3300018310547,43.3699989318848,42.7999992370605,32.98291015625,670600,-0.0623707198292465,33.5065491116729,31.9653613650117,51.7844627118987,8.43781527788106,7.07261866599466,32.9941691080729,32.8911620775859,33.0473803396988,-0.0644701834488401
"1319","2015-04-09",43.1800003051758,43.2000007629395,42.9199981689453,33.0136260986328,851200,-0.0388613118112815,33.5248392222583,32.0162015797437,51.9661085379041,11.3982691154483,7.07261866599465,32.9685651143392,32.9272566477458,32.9945546400767,0.0190714585561551
"1320","2015-04-10",42.689998626709,43,42.6699981689453,32.9291343688965,607800,-0.0267394769976974,33.5289071165351,32.071278277752,51.4149187286055,-6.28668756153036,2.12950029210779,32.9383524576823,32.9597827911377,33.0060329553816,-0.0768985864851075
"1321","2015-04-13",42.6399993896484,42.7599983215332,42.5099983215332,32.6756477355957,527500,-0.0371587455181981,33.5126483487669,32.1244057131227,49.7763372607479,-30.1906019668112,0.997388897465378,32.8981545766195,32.9842720667521,32.9368523322248,-0.261204596629099
"1322","2015-04-14",42.7999992370605,43.0299987792969,42.6699981689453,32.98291015625,788300,-0.0203875662667627,33.5259430143869,32.1303157594168,51.7062918032434,10.1318313841134,4.28868459641967,32.8658940633138,33.0091806729635,32.6826313016755,0.300278854574479
"1323","2015-04-15",43.4500007629395,43.6100006103516,43.1699981689453,33.3362464904785,1107700,0.0211709577150359,33.5903213192732,32.133533127138,53.8174404117977,90.8281663435249,14.5576099990295,32.8492518107096,33.0338788032532,32.9565003892517,0.379746101226864
"1324","2015-04-16",45.1399993896484,45.1599998474121,44.7000007629395,34.6113052368164,2046900,0.155203878403341,33.9565502285284,31.8794486880976,60.2966311170134,289.767379168822,34.6019700612186,32.8835611979167,33.0850378036499,33.3381016028397,1.27320363397666
"1325","2015-04-17",44.8800010681152,44.8899993896484,44.5099983215332,34.342472076416,1993100,0.23700134046733,34.2113091902128,31.7921400590548,58.5063482505383,244.749135135054,30.5876472090087,32.8945711771647,33.1235836664836,34.5697579434935,-0.227285867077462
"1326","2015-04-20",44.8899993896484,44.939998626709,44.5699996948242,34.2810249328613,1350900,0.293485034729997,34.3916034191588,31.7186146289369,58.0984654550608,217.377578408348,31.1651276570173,32.9357933044434,33.161105410258,34.4200057965906,-0.138980863729287
"1327","2015-04-21",45.0800018310547,45.1500015258789,44.8899993896484,34.5498580932617,852500,0.355839462862548,34.613571396684,31.6264573661334,59.380132716084,213.396666963561,33.6437368101855,32.9934019724528,33.1967540740967,34.2477385684935,0.302119524768194
"1328","2015-04-22",44.6199989318848,44.7299995422363,44.3499984741211,34.4175758361816,1262100,0.390085065958722,34.7886667808596,31.5848431983884,58.4697611228294,153.905144881955,21.6074476443325,33.0619635264079,33.216347249349,34.5442271422666,-0.126651306084966
"1329","2015-04-23",44.3600006103516,44.9900016784668,44.3300018310547,34.7192840576172,934200,0.436538145126264,35.0120792402242,31.5519664751078,59.9195956340388,153.954050195273,25.0802986855208,33.1418622334798,33.2370297749837,34.4354479800281,0.283836077589058
"1330","2015-04-24",44.9099998474121,45.1800003051758,44.7799987792969,34.7889099121094,686000,0.473512413264018,35.2118525999359,31.5765755159089,60.2508703408489,157.894739325702,27.5862332782615,33.223569615682,33.2642096201579,34.6946438848983,0.0942660272110274
"1331","2015-04-27",45.2999992370605,45.310001373291,44.9900016784668,34.8740043640137,785600,0.50387286550945,35.4018834946038,31.6086828353522,60.661947178592,150.852776344265,29.3154846668761,33.3091377258301,33.2778132756551,34.8046788254528,0.0693255385608538
"1332","2015-04-28",44.6500015258789,44.8800010681152,44.4799995422363,34.6419258117676,764900,0.503404014918473,35.5310112918711,31.6554430996084,58.9421456042829,104.951256545716,17.5441234483743,33.3708398183187,33.296443939209,34.8685998955285,-0.226674083760884
"1333","2015-04-29",44.4099998474121,44.5200004577637,43.8400001525879,34.0230407714844,1042800,0.447930137140347,35.4933888677932,31.8915579553269,54.6666844446114,55.5712455315174,4.75286365509907,33.416264851888,33.3059034983317,34.6576342045602,-0.634593433075793
"1334","2015-04-30",43.8199996948242,44.0999984741211,43.7400016784668,33.8992652893066,789500,0.389489252700109,35.4257893410627,32.1360549124773,53.8584107272142,35.9636750964132,2.88290025802089,33.4299116770426,33.3129190444946,34.0376287017661,-0.138363412459505
"1335","2015-05-01",43.5099983215332,43.8300018310547,43.4000015258789,33.9070053100586,895800,0.339881048566738,35.3989508903962,32.2898689948578,53.9025011070391,17.6855724790782,3.38553018567728,33.4712128957113,33.323072052002,33.8766212034085,0.0303841066501249
"1336","2015-05-04",43.7700004577637,43.9300003051758,43.689998626709,33.9070053100586,624400,0.297140933663776,35.3806316992553,32.4128871300904,53.9025011070391,26.1827358916554,1.44235088722228,33.4943351745605,33.3309206008911,33.9081067512092,-0.00110144115063093
"1337","2015-05-05",43.689998626709,43.7799987792969,42.9799995422363,33.2649078369141,1269400,0.209047416338933,35.368644647528,32.4461613369691,49.6874454843145,-13.5908599297691,13.7466579066048,33.4947737375895,33.3390771230062,33.9068815996878,-0.641973762773716
"1338","2015-05-06",43.4099998474121,43.4199981689453,42.9500007629395,33.3422737121582,929500,0.143817608866428,35.3470496497199,32.503692690368,50.1731028450227,-21.9327946727681,14.2302846212092,33.5034240722656,33.3476270675659,33.2924805337718,0.0497931783864374
"1339","2015-05-07",42.9799995422363,43.2900009155273,42.8800010681152,33.4583129882812,884400,0.100329381632918,35.3223807513823,32.5728302776705,50.9083611894072,-25.0353085367467,15.4133061841596,33.5249036153158,33.3555504480998,33.3061579675548,0.152155020726411
"1340","2015-05-08",44.1699981689453,44.7700004577637,44.1399993896484,34.5104026794434,1242200,0.1490414367235,35.3351006729191,32.7182371871884,56.876768184754,70.7073891987534,12.0148782632569,33.5904141743978,33.3810086568197,33.4668106310014,1.043592048442
"1341","2015-05-11",44.1599998474121,44.5499992370605,44.0699996948242,34.3092651367188,1033400,0.169462514235541,35.255716284005,32.9609833162147,55.5413089284537,53.5024403239487,10.6849506105967,33.6456356048584,33.3997861862183,34.4673676014517,-0.158102464732927
"1342","2015-05-12",44.0900001525879,44.310001373291,43.9799995422363,34.193229675293,899800,0.174274347110035,35.1866531919866,33.1510783601374,54.7737895131717,38.3213986462176,8.90780865631758,33.6893084208171,33.4188060760498,34.3725888468816,-0.179359171588622
"1343","2015-05-13",44.4099998474121,44.5800018310547,44.0999984741211,34.2705841064453,1632700,0.182228993048248,35.155227127033,33.2759381866877,55.2007247183118,47.2679339061127,13.3684233743442,33.763724009196,33.4371950785319,34.1698607332204,0.100723373224888
"1344","2015-05-14",44.8899993896484,45.0299987792969,44.7900009155273,34.8043785095215,825200,0.228966471529581,35.1857346615929,33.2647379793983,58.0290700633312,92.4085715827248,20.319828318358,33.8528602600098,33.4664007822673,34.270637346653,0.533741162868516
"1345","2015-05-15",44.8699989318848,44.9700012207031,44.6399993896484,34.7347450256348,602700,0.257420041750152,35.2311035966207,33.2585963392924,57.5388512210952,79.2599768545836,16.9752590859475,33.9227767944336,33.4915016810099,34.7831068528504,-0.048361827215615
"1346","2015-05-18",44.5200004577637,44.7299995422363,44.439998626709,34.5490875244141,522700,0.261968878244382,35.2538186369217,33.2626875581466,56.2287040110593,55.5029392127193,12.5174393946344,33.9790791829427,33.5124840418498,34.7635784194916,-0.214490895077518
"1347","2015-05-19",44.6300010681152,44.9599990844727,44.5400009155273,34.6805992126465,666800,0.273038342043371,35.2700870864047,33.2594932206021,56.9470553069205,67.2749162114952,16.4323830461261,34.0333646138509,33.5291291554769,34.5447611159044,0.135838096742084
"1348","2015-05-20",44.6599998474121,45,44.6599998474121,34.7038116455078,545600,0.280451154854383,35.3015606930398,33.2566431948997,57.0756818044947,70.3620105282333,17.1219086949643,34.0907279968262,33.5424485524495,34.6706410621811,0.0331705833267506
"1349","2015-05-21",44.8800010681152,45,44.7700004577637,34.7347450256348,450400,0.285530509689615,35.3037574246613,33.2559925600799,57.2517479751899,72.0905815336238,17.1219086949643,34.1480986277262,33.5583318710327,34.7106492990257,0.024095726609076
"1350","2015-05-22",44.9000015258789,44.9000015258789,44.5099983215332,34.4639854431152,458200,0.264657097240558,35.2635333622656,33.2637241755761,55.2015149540657,45.5002149829618,10.358691612847,34.1992603302002,33.5688063939412,34.731369666302,-0.267384223186717
"1351","2015-05-26",44.4000015258789,44.4599990844727,43.7900009155273,33.9534149169922,665800,0.204557976032874,35.18337073083,33.2518278623096,51.5970988765742,-30.8999377214801,5.7517103121866,34.2418525695801,33.5700035730998,34.4780148024711,-0.524599885478864
"1352","2015-05-27",44.0200004577637,44.5800018310547,43.9500007629395,34.4407730102539,801400,0.194018193625709,35.1587872767603,33.256296036228,54.5289036390876,-3.01329662648417,3.07093750772233,34.2904479980469,33.5781710306803,33.9607945116438,0.479978498610123
"1353","2015-05-28",44.6199989318848,44.6300010681152,44.2999992370605,34.4485092163086,467000,0.184166629047525,35.1817162125362,33.2759139449345,54.5740861569683,13.3524307322039,1.9202196643424,34.3275234222412,33.5883876164754,34.4013520938813,0.047157122427258
"1354","2015-05-29",44.4199981689453,44.4700012207031,43.9199981689453,34.1545486450195,618000,0.15089955562506,35.1826594401143,33.3004990529277,52.5226139105928,-29.8749675049648,10.0764795925087,34.3122982025146,33.5979297002157,34.4777397500489,-0.323191105029338
"1355","2015-06-01",44.0499992370605,44.0999984741211,43.5099983215332,33.8528480529785,770800,0.099048672460313,35.1843066487974,33.2934361185366,50.5068494281349,-83.9976161736582,17.9464239204855,34.2959774017334,33.5952742894491,34.1559554334803,-0.303107380501785
"1356","2015-06-02",43.5999984741211,43.7799987792969,43.3400001525879,33.7522735595703,1015800,0.0492729648375914,35.1904352538222,33.2718343384629,49.8471160724584,-106.24989294906,21.0104485472677,34.278352355957,33.6070728302002,33.8579766201921,-0.105703060621792
"1357","2015-06-03",44.4000015258789,44.439998626709,44.0800018310547,34.162281036377,915500,0.0424205371879793,35.1223087225575,33.4296981896739,52.4656196997847,-8.39282968678777,4.77333610211787,34.2654331207275,33.6294175465902,33.7462180279632,0.41606300841373
"1358","2015-06-04",43.8899993896484,44.4099998474121,43.7700004577637,33.9302101135254,798800,0.0180556209707703,35.049859558512,33.5609409938562,50.909272915211,-36.6787087042929,10.7838665748318,34.249187596639,33.6555755615234,34.144538969502,-0.214328855976646
"1359","2015-06-05",43.1699981689453,43.2099990844727,42.7999992370605,33.2339668273926,921700,-0.0567802378763389,35.0968678589677,33.4914980773116,46.6174334115804,-171.369564740796,26.3357609935487,34.1996770222982,33.670769627889,33.9588800665261,-0.724913239133571
"1360","2015-06-08",42.8899993896484,43.060001373291,42.689998626709,33.1875495910645,790900,-0.118468052259914,35.1628444152765,33.2932362121649,46.3479582746537,-169.027778292916,27.8601700705687,34.14629834493,33.684933980306,33.2436734683649,-0.056123877300422
"1361","2015-06-09",42.7999992370605,42.9500007629395,42.5099983215332,33.1565933227539,684100,-0.16791834359649,35.2192956019296,33.1215178441153,46.1638535319375,-166.533445070849,30.3802769122537,34.0890513102214,33.6990945180257,33.1667780934139,-0.0101847706599472
"1362","2015-06-10",43.3600006103516,44.0099983215332,43.2999992370605,33.8683166503906,719800,-0.147972199919415,35.2115915754086,33.0967305681461,50.8110181577999,-44.1651203180866,6.87722198172133,34.0632643381755,33.7170520782471,33.1658218899412,0.702494760449426
"1363","2015-06-11",44.1800003051758,44.439998626709,43.9799995422363,34.1390724182129,626100,-0.109059835788656,35.2036023443688,33.0915686303627,52.4271005059722,19.9105035289791,0.871640113793172,34.0671320597331,33.7416984558105,33.8349057697288,0.304166648484042
"1364","2015-06-12",43.2799987792969,43.5699996948242,43.0800018310547,33.6052932739258,685300,-0.119910766161667,35.1225864609767,33.0526759901951,49.1348531557561,-81.5936674907651,13.2073655343577,34.0573329925537,33.7436223347982,34.163047940653,-0.557754666727199
"1365","2015-06-15",43.0900001525879,43.4000015258789,43.0200004577637,33.5434036254883,533200,-0.131982768851636,35.0431442722412,33.012984038916,48.7675310563774,-90.0547447487011,14.0621777628338,34.0452129364014,33.7582129160563,33.6232870486958,-0.0798834232074697
"1366","2015-06-16",43.3400001525879,43.7099990844727,43.25,33.7445411682129,553200,-0.123891653375978,34.9794751946981,32.996198480839,50.0236205045609,-55.5728317072357,8.17797689783538,34.0397974650065,33.7670663197835,33.5263615447828,0.218179623430089
"1367","2015-06-17",43.3899993896484,43.75,43.2200012207031,33.7986907958984,824000,-0.111820961226393,34.8827066807098,33.0047761531525,50.362550752653,-54.9434461894005,7.41364735201724,34.057590230306,33.7761819839478,33.7433282887784,0.0553625071200088
"1368","2015-06-18",43.810001373291,44.2900009155273,43.7000007629395,34.0694580078125,1213400,-0.0794898896604863,34.7833013901375,33.0407460799553,52.0448552275679,-2.68610543151145,2.52491726900061,34.0818297068278,33.7926268895467,33.8015980778952,0.267859929917321
"1369","2015-06-19",44.0299987792969,44.189998626709,43.9300003051758,33.999828338623,608800,-0.0588079138714193,34.6579422803119,33.0926135210797,51.579808720259,-3.98911790788671,2.52491726900061,34.0998802185059,33.8123919169108,34.0586979519161,-0.0588696132930835
"1370","2015-06-22",44.8199996948242,45.1300010681152,44.7200012207031,34.7347450256348,1058200,0.0166919215525354,34.7220869740917,33.0555447855519,55.8839113330256,112.422564616948,17.6762614579358,34.1073582967122,33.848886235555,34.0136400089632,0.72110501667153
"1371","2015-06-23",45.25,45.25,44.7299995422363,34.6728706359863,1024200,0.070718144188497,34.8289086394212,33.0206686921218,55.4545829158519,108.740926563911,19.3861943651025,34.1194784800212,33.8825570424398,34.6970061915183,-0.0241355555319274
"1372","2015-06-24",44.9000015258789,45.0400009155273,44.6599998474121,34.6419258117676,1160500,0.109771943533246,34.8671698460313,33.002522765663,55.2350407884022,88.0041514453584,17.8596771898749,34.1344350179036,33.9118717193603,34.7100483625035,-0.0681225507359073
"1373","2015-06-25",44.6599998474121,44.75,44.4000015258789,34.4330406188965,699100,0.1224554809842,34.8646262083782,33.0035195435749,53.7491232728375,52.6964344474637,12.1653253142507,34.1398502349854,33.9517871220907,34.6254669318388,-0.192426312942281
"1374","2015-06-26",44.7299995422363,44.8800010681152,44.4300003051758,34.4175758361816,887900,0.129763563488645,34.8981098646898,32.9963386063795,53.6386093598001,61.4649582709585,14.376445642514,34.1269568125407,33.9899085362752,34.4497344946824,-0.0321586585008049
"1375","2015-06-29",43.6399993896484,43.8699989318848,43.0999984741211,33.3577423095703,1008200,0.0494653574762509,34.908817570525,32.9361203262035,46.8145401632996,-84.2330442927342,10.3144957549673,34.0810567220052,34.0019167582194,34.4059051641988,-1.0481628546285
"1376","2015-06-30",43.4300003051758,43.4300003051758,42.7099990844727,33.2339668273926,1104800,-0.0238838778066253,34.9279383455112,32.8651688779995,46.1058728683897,-116.44820541632,15.998611362199,34.0372193654378,34.0081492741903,33.4056987761516,-0.17173194875901
"1377","2015-07-01",43.5200004577637,43.6100006103516,43.1699981689453,33.5356674194336,767400,-0.0570117627479831,34.9006815657508,32.8297642960656,48.0873963896616,-70.0274499497138,12.481432168134,33.9990549723307,34.0162097930908,33.1885285660716,0.347138853362019
"1378","2015-07-02",43.1500015258789,43.2700004577637,42.8499984741211,33.2262306213379,799500,-0.107001368601431,34.9033500957508,32.7566978168468,46.2819344194431,-103.418133830408,17.2496030324063,33.9498022715251,34.0202651341756,33.5418083841682,-0.315577762830294
"1379","2015-07-06",42.25,42.7299995422363,42.2000007629395,32.8316955566406,1138100,-0.176420508051052,34.9436440606993,32.6761767248231,44.098127986935,-157.013329901987,26.0032713507201,33.8863672892253,34.0172329584758,33.2444033770952,-0.412707820454557
"1380","2015-07-07",42.1300010681152,42.8300018310547,41.8499984741211,33.0405616760254,1276700,-0.212136547862066,34.9550326064072,32.6500893876114,45.5062964386485,-146.186196497297,30.2502991465556,33.8389198303223,34.0190900802612,32.8335636987347,0.206997977290683
"1381","2015-07-08",42.5699996948242,42.7299995422363,42.3800010681152,32.9167861938477,830500,-0.24757551725682,34.9758624094416,32.6052788716863,44.8142515080488,-122.817834457424,30.2502991465556,33.8043655395508,34.0231090545654,33.0236675148338,-0.106881320986112
"1382","2015-07-09",43.3300018310547,43.3899993896484,43,33.2726516723633,769000,-0.244131588812643,34.9675933996879,32.5539813836373,47.2023481524576,-55.9067439724659,15.914829472255,33.7654281616211,34.027938079834,32.9344266397935,0.33822503256981
"1383","2015-07-10",44.689998626709,44.8400001525879,44.4799995422363,34.5413551330566,1262100,-0.137444114234825,35.0270242203789,32.5347788344307,54.4689324372427,106.155946383763,7.8927439769885,33.7685230255127,34.048023223877,33.2465940222719,1.29476111078469
"1384","2015-07-13",44.689998626709,44.7999992370605,44.4700012207031,34.5026664733887,738800,-0.0553770216560849,35.1093298621512,32.5422105126047,54.233465529348,98.6554247059844,7.72965149150856,33.780126953125,34.0462125778198,34.5129393307138,-0.0102728573251198
"1385","2015-07-14",45.310001373291,45.3300018310547,45.0200004577637,34.9513702392578,802900,0.0453456677744342,35.2660607102202,32.5262763259127,56.4901354278155,140.06826054386,15.0095671230174,33.8167443593343,34.0563608805339,34.5391322264048,0.412238012853003
"1386","2015-07-15",45.0900001525879,45.189998626709,44.9300003051758,34.8430595397949,887800,0.115102526285362,35.3821151661477,32.5200737071433,55.8030467032499,116.343926966261,13.3856965783512,33.8531038920085,34.0657281239827,34.9123740861099,-0.0693145463150202
"1387","2015-07-16",45.5400009155273,45.6399993896484,45.2900009155273,35.160228729248,990600,0.193744871841062,35.5460006002923,32.4923420663337,57.3736316404589,141.182465421536,19.4634640621607,33.8863688151042,34.0759009679158,34.8753153110422,0.284913418205839
"1388","2015-07-17",45.0299987792969,45.1800003051758,44.8800010681152,34.7889099121094,979200,0.223530452070605,35.6203796987502,32.4899081583055,55.0062913832102,95.5924670843835,11.821352949555,33.9149921417236,34.0820898691813,35.1292031001888,-0.340293188079421
"1389","2015-07-20",45.0900001525879,45.1800003051758,44.8800010681152,34.8817367553711,969600,0.251724367643739,35.7070251489207,32.4914535498098,55.4813424338646,91.4410724106342,11.821352949555,33.9699178059896,34.0847974141439,34.8265467205498,0.0551900348213366
"1390","2015-07-21",44.9199981689453,44.9700012207031,44.5400009155273,34.4949378967285,808200,0.240089214566943,35.6785719509651,32.4959260348747,53.0662074921995,60.027464087983,5.43038214667711,34.0134974161784,34.0798978805542,34.8510508650692,-0.356112968340639
"1391","2015-07-22",44.5999984741211,44.8300018310547,44.5800018310547,34.6496658325195,688100,0.240580263705866,35.6756467624362,32.4965307430569,53.896695376843,57.7421129198981,5.43038214667712,34.0632664998372,34.0761589050293,34.5277177126474,0.121948119872158
"1392","2015-07-23",45.3699989318848,45.3699989318848,44.8400001525879,34.7889099121094,863100,0.249331123212691,35.6951293133973,32.49174660213,54.6438578041872,80.4971123639821,14.3177408263402,34.0939529418945,34.078608640035,34.6158953747522,0.173014537357147
"1393","2015-07-24",45.2000007629395,45.2200012207031,44.689998626709,34.5954971313477,641300,0.237916889623513,35.712126949565,32.4909946172074,53.4003213371609,62.2277318281484,11.2142570217254,34.109167098999,34.088149579366,34.8011448318176,-0.20564770046991
"1394","2015-07-27",44.7900009155273,44.7999992370605,44.2900009155273,34.3092651367188,757200,0.203429488925146,35.7029613259703,32.4893291708558,51.6025094008695,27.7800305732829,3.22602655784081,34.1326328277588,34.0949829101562,34.6007187274583,-0.291453590739586
"1395","2015-07-28",44.4799995422363,44.7700004577637,44.3199996948242,34.6341857910156,755400,0.200010757223033,35.7445383181463,32.5753965268244,53.4431393165884,34.6975530772025,3.22602655784081,34.1689922332764,34.1071025848389,34.3140843662581,0.320101424757503
"1396","2015-07-29",44.8499984741211,45.0800018310547,44.810001373291,34.7966423034668,1114600,0.208012432726335,35.7840560847041,32.692146307874,54.3412922880208,60.7469889506536,9.01364499681584,34.2040622711182,34.1219298680623,34.6148632845658,0.181779018900983
"1397","2015-07-30",45.0200004577637,45.25,44.7599983215332,34.9668273925781,709400,0.225487058161157,35.8511967848851,32.7681216050075,55.2762932367574,66.4929275502013,12.0953940536266,34.2430001576742,34.1502951939901,34.8053022560111,0.161525136567022
"1398","2015-07-31",45.3400001525879,45.5200004577637,45.2400016784668,35.0674057006836,644900,0.244631691747728,35.8898090737322,32.913626824095,55.8292979268156,88.3245521889662,16.875463373735,34.2762650807699,34.1790473937988,34.9479251608539,0.119480539829716
"1399","2015-08-03",45.9199981689453,45.9799995422363,45.5800018310547,35.4155158996582,735500,0.284612697561414,35.8879554318806,33.1738625002483,57.701908512251,117.384508007565,24.3657310731295,34.3234546661377,34.2116674423218,35.0718850641861,0.343630835472133
"1400","2015-08-04",45.8600006103516,45.9300003051758,45.6500015258789,35.4232635498047,785900,0.31331144403611,35.8673560269953,33.4327320925115,57.7431549789288,113.52029923843,24.3657310731295,34.34640528361,34.2268817901611,35.4091338156419,0.0141297341627578
"1401","2015-08-05",45.7299995422363,45.939998626709,45.689998626709,35.7099990844727,586000,0.355099206073433,35.7915976425338,33.7878117660355,59.2639803315396,118.39867298674,24.5346247387716,34.3809762318929,34.250227355957,35.4334535594833,0.276545524989402
"1402","2015-08-06",46.0499992370605,46.189998626709,45.9099998474121,35.795711517334,780800,0.390629650107869,35.7315341275837,34.1001812654827,59.7123536211181,127.575232585828,28.7851436841395,34.4194357554118,34.2769353866577,35.6990322776074,0.0966792397265976
"1403","2015-08-07",45.5800018310547,45.8499984741211,45.4799995422363,35.7022094726562,660600,0.406556420073855,35.8409615109399,34.1068393160864,58.9797574140878,96.7345722767416,16.6998560384912,34.4617413838704,34.3007958094279,35.8038899247443,-0.101680452088047
"1404","2015-08-10",45.75,46.1399993896484,45.75,35.8969993591309,807000,0.429940331417562,35.9731181151252,34.1141160004754,60.0364130908774,110.211324980685,21.97824330269,34.5110555013021,34.3190061569214,35.7021745035398,0.194824855591108
"1405","2015-08-11",45.5099983215332,45.5999984741211,45.3499984741211,35.4139060974121,1169800,0.404824100550677,36.0095030207448,34.1239846806712,56.3146840577574,69.2719537849285,11.5557102960233,34.5795942942301,34.3303255081177,35.8898551046364,-0.475949007224337
"1406","2015-08-12",43.3800010681152,43.9500007629395,43.2900009155273,34.206169128418,1575900,0.284189071996742,36.049741631828,34.0200570284503,48.5336455513025,-72.7857756173951,24.1319781498753,34.6120010375977,34.3246102015177,35.4327401122228,-1.2265709838048
"1407","2015-08-13",43.9199981689453,44.189998626709,43.7999992370605,34.3464317321777,739200,0.197624866198893,36.0522329761645,33.9361859844068,49.374037720465,-50.7688841965468,19.3759141536654,34.6390265146891,34.3190407435099,34.2104606711799,0.135971060997804
"1408","2015-08-14",43.9199981689453,44.0900001525879,43.7700004577637,34.3230590820312,829500,0.125687287101158,36.0677697815998,33.8740640959637,49.2354496598088,-61.2725201161965,19.78656340882,34.6755874633789,34.312694867452,34.3100641433699,0.0129949386613717
"1409","2015-08-17",43.4300003051758,43.8800010681152,43.3600006103516,34.1905822753906,610800,0.057325651812782,36.0872621655869,33.7854562639785,48.4382433868593,-95.2703557870821,25.3420976372319,34.7208836873372,34.3036254882812,34.3396760122511,-0.1490937368605
"1410","2015-08-18",43.4799995422363,43.7400016784668,43.4300003051758,33.9334602355957,645500,-0.0173984776054823,36.1297541916201,33.6868164718321,46.9131035188042,-117.857869642433,25.3420976372319,34.7506469726562,34.2947834014893,34.1852263934109,-0.251766157815155
"1411","2015-08-19",42.9799995422363,43.0999984741211,42.6699981689453,33.3880271911621,795900,-0.119255078527829,36.2408091726806,33.4495976266358,43.8811359722655,-194.334909636306,34.8933930340824,34.7663550059001,34.2853602727254,33.9373805639379,-0.549353372775812
"1412","2015-08-20",42.1500015258789,42.2299995422363,41.9300003051758,32.6945610046387,987100,-0.253017466454288,36.4359552969896,33.0450166115798,40.4433078929096,-260.999143901866,42.5440829933085,34.7470853169759,34.2562567392985,33.3888818295284,-0.694320824889729
"1413","2015-08-21",41.7200012207031,41.8199996948242,40.9000015258789,31.8686218261719,1356800,-0.420820554235007,36.7321121508397,32.4761722272121,36.8830672207508,-277.586582934267,51.0947662480132,34.6579942067464,34.2132586161296,32.684841055768,-0.816219229596086
"1414","2015-08-24",39.4199981689453,40.560001373291,38.7400016784668,30.9725666046143,2983900,-0.618974722686211,37.114852392884,31.7597621319573,33.5667786328414,-311.408676218464,63.328846732109,34.5403242111206,34.1602255821228,31.850620285567,-0.878053680952739
"1415","2015-08-25",40.9000015258789,40.9000015258789,39.5900001525879,30.8634700775146,1895200,-0.775872728931581,37.3633066322794,31.1342363212118,33.1909033510655,-234.410488480054,56.731615712983,34.4040608723958,34.1104026158651,30.9380225370476,-0.0745524595329741
"1416","2015-08-26",40.1399993896484,40.1500015258789,39.2999992370605,31.2452774047852,1874800,-0.859499098271108,37.4481145715097,30.6942918921133,35.7938618324908,-208.292713773847,58.2685190268388,34.2841348012288,34.0686193466187,30.8258433517729,0.419434053012257
"1417","2015-08-27",40.1300010681152,40.6399993896484,40.1100006103516,31.6426620483398,1703200,-0.883523272504029,37.4206721640964,30.3893177651028,38.3788097807182,-156.954484031922,48.726862095541,34.1668825785319,34.026625696818,31.2492402253952,0.393421822944621
"1418","2015-08-28",40.0099983215332,40.3600006103516,39.9000015258789,31.4400749206543,1247800,-0.90843778646196,37.359030089842,30.0882267613543,37.5808772151763,-147.687916727055,50.1049398436344,34.0552547454834,33.9851234436035,31.6600453164256,-0.219970395771341
"1419","2015-08-31",40.2799987792969,40.3800010681152,40.0699996948242,31.4089050292969,701900,-0.920091624497829,37.2073889898744,29.8392067742857,37.4569252232547,-129.430861696518,49.6953225498967,33.9394936879476,33.9547057469686,31.4525066034644,-0.0436015741675071
"1420","2015-09-01",39.3800010681152,39.5400009155273,38.9500007629395,30.4582862854004,1297400,-0.994569584016276,37.0869799073222,29.4631181303976,33.9265516895879,-148.038408774779,56.758853720072,33.8049386342367,33.9092180252075,31.3962633760038,-0.937977090603418
"1421","2015-09-02",39.7400016784668,39.8300018310547,39.4500007629395,31.027099609375,968300,-0.996211713532563,36.7979801357944,29.2838279544155,37.568857936255,-117.31169285841,50.8943413405953,33.6841864267985,33.8737264633179,30.4621305728125,0.564969036562477
"1422","2015-09-03",40.0800018310547,40.310001373291,39.8800010681152,31.1595611572266,796400,-0.975578709039702,36.4197530037266,29.1984400504726,38.3870677523087,-95.811218869517,41.5264348888313,33.5632081349691,33.8285805384318,30.9783224531887,0.18123870403782
"1423","2015-09-04",39.25,39.4000015258789,39.0499992370605,30.5440082550049,953700,-0.997399478813243,36.026063557191,29.0763093752431,36.1119042586118,-111.345352245241,47.5458136245427,33.4281585057577,33.7686628023783,31.1990077670615,-0.654999512056616
"1424","2015-09-08",40.1500015258789,40.2599983215332,39.8899993896484,31.2998161315918,713400,-0.94283678145722,35.4558522132264,29.1868023964538,40.584855041477,-78.4693375577534,32.4447254857046,33.3278435389201,33.7302381833394,30.5431439218901,0.756672209701652
"1425","2015-09-09",40.9500007629395,40.9500007629395,40.0099983215332,31.2141094207764,1361800,-0.896180653263766,34.919217122591,29.3034578194256,40.2542476479964,-65.8928243290198,21.7568305604306,33.2138409932454,33.6914166132609,31.2673369069001,-0.0532274861236921
"1426","2015-09-10",39.75,39.8600006103516,39.5800018310547,30.9569721221924,2887500,-0.869926198830989,34.619035088193,29.2787201532011,39.2616112709373,-78.5195538002603,25.7483791985387,33.085851987203,33.6449571291606,31.2496939673487,-0.292721845156283
"1427","2015-09-11",39.4700012207031,39.6500015258789,39.3800010681152,30.8556823730469,1744100,-0.847522874647904,34.2325728451826,29.3161074602983,38.8710150566792,-78.4924427512704,27.5851421510422,32.9488138198853,33.5959069887797,30.9497243472618,-0.0940419742148819
"1428","2015-09-14",39.3400001525879,39.5200004577637,39.2299995422363,30.6608848571777,1395600,-0.835851435318546,33.7810188077886,29.401444075207,38.1165916642566,-78.6715877132874,28.9933727541479,32.8019297917684,33.5390974362691,30.8486190121334,-0.187734154955674
"1429","2015-09-15",39.4099998474121,39.7999992370605,39.310001373291,30.9647693634033,1550600,-0.7929402736913,33.2590957863627,29.6007858054342,39.9959862301785,-67.9523873329624,24.1749569929793,32.6535715738932,33.4885131200155,30.6598010938565,0.304968269546812
"1430","2015-09-16",40.9199981689453,41.1399993896484,40.75,32.0244636535645,1002300,-0.665750043871444,32.7705837908567,29.8983981427371,45.9207334732115,-23.7876317166741,4.25277503984053,32.5402782440186,33.4433417638143,30.9543312559533,1.07013239761112
"1431","2015-09-17",41.0400009155273,41.4199981689453,40.8199996948242,31.9699230194092,1336900,-0.562863503644667,32.3764232167487,30.1507482996698,45.6805826905644,-16.7461767199351,0.646037411054676,32.4156090418498,33.3982926368713,32.0288873891445,-0.0589643697353637
"1432","2015-09-18",40.689998626709,40.9300003051758,40.4900016784668,31.5803279876709,897200,-0.506918797980084,32.1108509347824,30.3048972799393,43.9809454637121,-27.9230340344662,4.79560471420759,32.2750962575277,33.3472660064697,32.0071996036773,-0.426871616006437
"1433","2015-09-21",40.9000015258789,40.9199981689453,40.5099983215332,31.6893997192383,586600,-0.448609744608088,32.077508448752,30.3203175552763,44.5781562242949,-22.4649272027795,4.7956047142076,32.1413359324137,33.3015386581421,31.5760885660836,0.113311153154672
"1434","2015-09-22",39.6599998474121,39.6800003051758,39.1800003051758,30.8167190551758,1352300,-0.467429203120968,32.0808624444376,30.3013788046468,40.9635894144067,-73.0756311628884,20.1537627029181,31.9719932556152,33.2415243784587,31.6793433181308,-0.862624262955052
"1435","2015-09-23",39.5699996948242,39.5999984741211,39.2400016784668,30.7388019561768,637700,-0.483062573635298,32.0859687433339,30.2838056936168,40.6590858069356,-73.8228075414946,20.1537627029181,31.8161564509074,33.1978753725688,30.8311092121383,-0.0923072559615825
"1436","2015-09-24",38.9500007629395,39.2299995422363,38.5999984741211,30.4505081176758,1241700,-0.512803753335941,32.1033087640181,30.1869887442217,39.5342382845514,-97.4570191617068,26.6593352057271,31.6909677505493,33.1514843940735,30.7043864312345,-0.253878313558697
"1437","2015-09-25",40.0699996948242,40.4099998474121,39.8699989318848,31.1829357147217,1052400,-0.471834057287648,32.0516984091756,30.1926264657024,43.6326559455278,-27.8884334068169,9.134400780377,31.5855178833008,33.112272198995,30.4554731210605,0.72746259366119
"1438","2015-09-28",39.8600006103516,39.8600006103516,39.2700004577637,30.6608848571777,905000,-0.476003348936651,32.0219061982236,30.1444996703066,41.5557848332755,-65.8786365712003,15.4900342754688,31.463445409139,33.069516436259,31.1648151431541,-0.503930285976399
"1439","2015-09-29",39.2900009155273,39.8199996948242,39.1300010681152,30.9881401062012,1002400,-0.447739516557938,31.9889169192279,30.1354124569928,43.3057678670209,-60.4531904492794,16.9391248944986,31.3566973368327,33.038790512085,30.6975546624844,0.290585443716775
"1440","2015-09-30",40.7700004577637,40.810001373291,40.4500007629395,31.775110244751,1957500,-0.357714799037222,32.061200968003,30.1948108041527,47.2360564799074,53.5931618561913,3.52106201598582,31.2847523371379,33.0176996548971,30.955330789603,0.819779455147948
"1441","2015-10-01",41.0699996948242,41.1100006103516,40.5299987792969,31.821870803833,1257000,-0.279375903969861,32.1492830258132,30.1862058657884,47.4599393335618,87.3385890104175,0.188795211890841,31.2325471242269,32.9994510650635,31.7840335164113,0.037837287421663
"1442","2015-10-02",40.7400016784668,41.6199989318848,40.6300010681152,32.429630279541,1145000,-0.166333268416508,32.3633507925966,30.0991450112364,50.2955966897797,149.2744016213,6.29146562296826,31.223716100057,32.9854007085164,31.8466587875499,0.582971491991117
"1443","2015-10-05",42.189998626709,42.4199981689453,42.1500015258789,33.0451850891113,875400,-0.0267674777646363,32.7013284453202,30.0112850419235,52.9558735561478,257.595617054373,15.0054398366312,31.2629348754883,32.9604645411174,32.4213690712576,0.623816017853777
"1444","2015-10-06",42.3899993896484,42.6199989318848,42.3400001525879,33.0218200683594,768200,0.0810201055951083,32.9790214429097,29.9057924380107,52.8448137161285,231.634683385116,17.0664176925508,31.3312433242798,32.9357837677002,33.0664258089015,-0.0446057405421385
"1445","2015-10-07",42.1699981689453,42.4700012207031,42.0400009155273,33.0763549804688,1068100,0.168896124229327,33.2313278674771,29.8397105694125,53.0823940311618,187.189957306205,12.6851375062026,31.4050061543783,32.904533513387,33.0435904298064,0.0327645506623497
"1446","2015-10-08",42.1300010681152,42.9099998474121,41.9900016784668,33.4269943237305,798200,0.26379134428295,33.5283181969688,29.7897224600746,54.603680208578,184.266244029048,17.5245038752577,31.4777300516764,32.8809324264526,33.0735163156637,0.35347800806673
"1447","2015-10-09",42.5299987792969,42.8800010681152,42.4700012207031,33.2477722167969,877100,0.320836361785723,33.7355547457877,29.8216948956307,53.6832974989763,167.648576332659,17.5245038752577,31.5312337239583,32.8490581512451,33.4281993598653,-0.180427143068435
"1448","2015-10-12",43.060001373291,43.4500007629395,43.0299987792969,33.6607360839844,821600,0.394816483288196,33.9822931514442,29.8749416126549,55.4723379572974,181.45029978641,23.7781128042516,31.605255762736,32.8302552541097,33.2627532144688,0.397982869515566
"1449","2015-10-13",42.8499984741211,43.3199996948242,42.8499984741211,33.5516548156738,913700,0.439577144163792,34.1807291371966,29.9351941721295,54.8929618575241,152.391962376461,20.6889860056812,31.6766807556152,32.8080872217814,33.6497043153798,-0.0980494997059509
"1450","2015-10-14",43.0699996948242,43.2799987792969,43.060001373291,33.5906143188477,760000,0.472744492462937,34.3666542930236,29.9058840828309,55.0663591067899,141.931980435876,20.6889860056812,31.7810916900635,32.7930151621501,33.5713326430479,0.0192816757997818
"1451","2015-10-15",44.7400016784668,45,44.5699996948242,35.0321083068848,1329300,0.608333878438586,34.865331965051,29.7134249395511,60.8297366081748,207.362046692653,37.6733278611714,31.9145919799805,32.7993892033895,33.5846243176141,1.44748398927067
"1452","2015-10-16",44.9099998474121,45.2400016784668,44.8600006103516,35.2268981933594,819400,0.723171093398236,35.3363808883209,29.60703303685,61.5196917021629,191.053853778179,39.6025534692285,32.0501698811849,32.806689008077,35.0276288276459,0.199269365713462
"1453","2015-10-19",45.310001373291,45.4000015258789,45.0800018310547,35.2892456054688,690100,0.809875587071666,35.75208188828,29.5513166255139,61.7428189372914,174.252933791902,40.9060829063088,32.2083444595337,32.8182514826457,35.2876521226141,0.00159348285463068
"1454","2015-10-20",45.3800010681152,45.3899993896484,45.1399993896484,35.2580642700195,652600,0.866089706784848,36.0559034383333,29.691629596945,61.5581477585072,154.084651014268,40.9060829063088,32.3402860641479,32.834064801534,35.2963295839402,-0.0382653139207036
"1455","2015-10-21",45.439998626709,45.5099983215332,45.2000007629395,35.2268981933594,983400,0.897775957347534,36.2793820449858,29.9169606140108,61.3683601444755,139.891761775739,41.9792583939954,32.4740456899007,32.8439433415731,35.2607457284988,-0.0338475351393797
"1456","2015-10-22",45.5499992370605,45.9099998474121,45.5099983215332,35.6242866516113,1320300,0.94407080608373,36.4722962432236,30.2414242691665,62.877989001348,140.588281345931,45.5056261079547,32.6296228408813,32.8577374140422,35.2256296500733,0.398657001538069
"1457","2015-10-23",45.7900009155273,45.8699989318848,45.2999992370605,35.4061126708984,866800,0.952178865109822,36.6351606831511,30.5008775248568,61.5127670218134,124.04530395701,40.706331495917,32.7813038508097,32.8650588353475,35.6217539527881,-0.21564128188966
"1458","2015-10-26",45.4199981689453,45.5499992370605,45.25,35.2970314025879,633700,0.938978652172608,36.6337676788952,30.9658851836536,60.8296572814231,110.352022278544,39.5349715625487,32.9358420689901,32.8688859303792,35.4247752589775,-0.127743856389607
"1459","2015-10-27",45.0800018310547,45.2000007629395,44.9199981689453,35.0554847717285,916800,0.898667316473215,36.5575394958138,31.4488478332878,59.3206030949847,92.5582254660998,31.7941084223794,33.0721992492676,32.8628854115804,35.2875276040689,-0.232042832340419
"1460","2015-10-28",45.1199989318848,45.2299995422363,44.5,35.1999549865723,1382800,0.868367827676636,36.5530089516713,31.7958628516124,59.9355662066937,83.2645527292555,22.5450635665907,33.1780489603678,32.8591636021932,35.051700354745,0.148254631827271
"1461","2015-10-29",44.8899993896484,45.0499992370605,44.8199996948242,35.3255882263184,735300,0.844755007115737,36.5041974999301,32.1950460456022,60.4731134812175,80.6157215790874,22.5450635665907,33.2899044672648,32.8527567545573,35.1878346274063,0.137753598912049
"1462","2015-10-30",44.5400009155273,44.8300018310547,44.4500007629395,34.9015884399414,799300,0.782804751556576,36.4394185083226,32.5070208532497,57.76714404426,63.6515559449691,14.4591017229035,33.4006131490072,32.8378547032674,35.3332062071885,-0.431617767247076
"1463","2015-11-02",44.6100006103516,44.7400016784668,44.3699989318848,35.0193634033203,1072100,0.73474252845007,36.4316017913012,32.712255401692,58.3032777016588,59.042798817522,12.7397057084663,33.5116119384766,32.8264739354452,34.9058625859625,0.113500817357846
"1464","2015-11-03",44.2000007629395,44.5999984741211,44.1100006103516,34.9958076477051,944200,0.686834714702727,36.3879901824475,32.9532657684802,58.1505408976788,50.1989414289986,7.14800418219434,33.6509148915609,32.8114540735881,34.9960775169639,-0.00026986925877992
"1465","2015-11-04",44.4599990844727,44.5099983215332,44.2299995422363,34.8230667114258,736400,0.627693022807712,36.302959736729,33.2129673872944,57.0174109773067,44.4471746038408,7.14800418219434,33.7870570500692,32.8016067504883,35.0039725470807,-0.180905835654947
"1466","2015-11-05",44.189998626709,44.2900009155273,43.9700012207031,34.6660308837891,1071500,0.561676668003749,36.2340191254113,33.405811654618,55.9913489520065,31.388099403773,1.40106009319271,33.9275744756063,32.8092711130778,34.8205881990171,-0.154557315228004
"1467","2015-11-06",43.4599990844727,43.6199989318848,43.0099983215332,34.0614280700684,1017800,0.455323155105503,36.1229344956726,33.5982618696839,52.2466312169284,-6.12947366716274,16.3149682852024,34.0235242207845,32.8045210520426,34.6563288907184,-0.594900820649997
"1468","2015-11-09",42.7299995422363,42.9599990844727,42.5999984741211,33.6688423156738,1066700,0.335491503280764,36.1217218608134,33.600285127712,50.0003762099243,-36.9783134966084,22.4968154817103,34.123789469401,32.79361743927,34.0508457702376,-0.382003454563772
"1469","2015-11-10",42.3499984741211,42.8899993896484,42.3300018310547,33.6374320983887,1269000,0.235277382628588,36.1077065117746,33.6228782050223,49.8230834389822,-52.6622428081803,26.3278175103355,34.212099202474,32.7843982696533,33.633789408204,0.00364269018470509
"1470","2015-11-11",43.2000007629395,43.5400009155273,43.1500015258789,34.0535774230957,1639600,0.18727760024094,36.0451533424864,33.7317276847353,52.1485504850869,-24.2614985219658,12.0714892981159,34.2880481084188,32.7864002227783,33.6184235749555,0.43515384814016
"1471","2015-11-12",42.8899993896484,43.0200004577637,42.5999984741211,33.4489784240723,1369700,0.0993065958813304,36.1296924380571,33.4888756008833,48.7526854338353,-65.6308879923604,20.215556203998,34.3422850290934,32.7874160766602,34.0569291073844,-0.607950683312154
"1472","2015-11-13",42.0299987792969,42.1500015258789,41.8600006103516,32.9778823852539,1193400,-0.00832856556975514,36.2329424017017,33.1607240564282,46.3212978917288,-114.814448958481,29.5943729277525,34.3605600992839,32.7921380996704,33.4657566134665,-0.487874228212561
"1473","2015-11-16",42.0299987792969,42.5,42.0099983215332,33.3704643249512,1238100,-0.0612461177784311,36.2187201962621,32.983068133816,48.5339864741762,-95.6976213936889,22.3242497514745,34.3714027404785,32.8171688079834,32.9381598704952,0.432304454456009
"1474","2015-11-17",42.9099998474121,43.0800018310547,42.7200012207031,33.6138801574707,2441100,-0.0825899897890494,36.1627890734249,32.8745808453984,49.859691947208,-64.0355031800451,11.2669584622978,34.3911380767822,32.861190700531,33.3515323236447,0.262347833826041
"1475","2015-11-18",42.5800018310547,43.2200012207031,42.560001373291,33.9122352600098,2572400,-0.0745707931299933,36.0828966245898,32.8230070008985,51.4455469957841,-60.902983730811,13.5707895549778,34.4190007527669,32.9120034535726,33.6355451096853,0.276690150324448
"1476","2015-11-19",43.2799987792969,43.5499992370605,43.2599983215332,34.1242561340332,1699400,-0.0505247910604325,35.9164342564838,32.8394663172467,52.5488421556048,-35.4779359498382,7.42167419799444,34.4422428131104,32.9599864323934,33.9250856485879,0.199170485445258
"1477","2015-11-20",43.4199981689453,43.7400016784668,43.4199981689453,34.1792144775391,2667300,-0.0267254082925206,35.7784027904632,32.8548079639313,52.836217526803,-29.0381178208718,3.95739464749794,34.4732908884684,33.0022623062134,34.1406350451105,0.0385794324286124
"1478","2015-11-23",43.5099983215332,43.6399993896484,43.1699981689453,33.9593620300293,1230200,-0.0253126921555591,35.6434647012807,32.855979115858,51.5443884663122,-43.9386283626532,8.12478245849815,34.4832450866699,33.044250424703,34.1902650643508,-0.230903034321514
"1479","2015-11-24",42.5800018310547,43.1599998474121,42.5699996948242,33.8258819580078,1684200,-0.034565382498343,35.5401803741027,32.8363031616639,50.7648371446437,-73.7481712201291,17.3278583995451,34.4923859914144,33.0845333735148,33.9602927701497,-0.134410812141923
"1480","2015-11-25",43.7099990844727,43.7700004577637,43.5999984741211,34.3048477172852,1802100,-0.00321263906388225,35.4110350486075,32.8759377602304,53.3819857481159,-23.2633703334261,5.80920055598259,34.5161937713623,33.1486427307129,33.813156049588,0.491691667697197
"1481","2015-11-27",43.7400016784668,43.8499984741211,43.5,34.2106170654297,824500,0.0138711123571369,35.2280712887828,32.9474044039663,52.8106576740892,-23.8846223604374,7.40224535769283,34.4888107299805,33.2017013549805,34.3014865197756,-0.0908694543459561
"1482","2015-11-30",43.4599990844727,43.5099983215332,42.810001373291,33.6452789306641,1244900,-0.0180004562527927,35.1137375776659,32.9361071641554,49.5212210200629,-60.7526428508995,17.672537253788,34.4360900878906,33.2431299845378,34.2351574354402,-0.589878504776152
"1483","2015-12-01",42.8400001525879,42.9799995422363,42.6699981689453,33.7473640441895,1181200,-0.0346223832157833,34.9495094375629,32.9731353683453,50.1018012079108,-71.2354145142404,19.6065374365069,34.384694035848,33.2965192476908,33.6349497851346,0.112414259054866
"1484","2015-12-02",43.189998626709,43.4300003051758,43.0200004577637,33.802318572998,1389500,-0.0428668663363467,34.7627783398301,33.0405175586074,50.4193641316417,-45.611794593014,10.6735905873447,34.3361691792806,33.3382276217143,33.7208666276814,0.0814519453166085
"1485","2015-12-03",42.8300018310547,42.8400001525879,41.9700012207031,33.0642471313477,1842300,-0.107715201832129,34.6370373879215,32.9903765525082,46.3233360896107,-106.474333931957,24.7007548832177,34.2640808105469,33.3690632502238,33.8095355461157,-0.745288414768083
"1486","2015-12-04",41.9900016784668,42.8699989318848,41.9599990844727,33.6295852661133,1471000,-0.112196579839463,34.4835246946079,33.0402446840543,49.5696511495144,-86.9070644977027,24.1055595208139,34.1975907643636,33.4136068026225,33.0623243776726,0.567260888440671
"1487","2015-12-07",43.1800003051758,43.3800010681152,43.0400009155273,34.0064735412598,1079900,-0.0843638759322189,34.4763797656918,33.0418941600894,51.5888458120345,-23.8328421118402,14.1997973301931,34.150936126709,33.4661199887594,33.5959678451821,0.410505696077621
"1488","2015-12-08",42.7099990844727,42.939998626709,42.5699996948242,33.6060218811035,1454800,-0.0935410765195499,34.4754505102867,33.0365413720375,49.4141511672247,-64.0017047283197,20.4544505160056,34.0945691426595,33.5152056058248,34.0328267131748,-0.426804832071255
"1489","2015-12-09",43.0400009155273,43.3699989318848,42.5800018310547,33.653133392334,1841900,-0.0959070125337576,34.4757249182489,33.0378370934698,49.6723470690102,-43.5188018739836,12.4383551138888,34.0478240966797,33.5600116729736,33.6224503459429,0.0306830463910543
"1490","2015-12-10",42.810001373291,42.8800010681152,42.4900016784668,33.4254264831543,1624300,-0.114832362422085,34.4446070692216,33.006139848503,48.436220392408,-70.963058224499,13.7229712839275,33.9886731465658,33.5833610534668,33.6376786462268,-0.21225216307252
"1491","2015-12-11",42.1399993896484,42.2900009155273,41.7900009155273,32.8600997924805,1698900,-0.173448570708324,34.5053641688528,32.8864948857127,45.5264506135671,-142.428643645989,23.1026855628625,33.9064901987712,33.598197333018,33.4256204920938,-0.565520699613302
"1492","2015-12-14",41.9000015258789,42.0699996948242,41.4700012207031,32.9150505065918,2433800,-0.213012795781729,34.5143537092544,32.8712221574449,45.8535318444764,-156.088982812463,26.9818653656547,33.8402722676595,33.6204427083333,32.8483075785049,0.0667429280869314
"1493","2015-12-15",42.3899993896484,42.689998626709,42.3800010681152,33.3312149047852,1535000,-0.208384612199524,34.5158134444242,32.8658374802584,48.2862447872353,-66.9546811852768,14.9698025212573,33.7840006510417,33.6478062947591,32.8906919521634,0.440522952621748
"1494","2015-12-16",42.9500007629395,43.4000015258789,42.7400016784668,33.9986228942871,1257700,-0.149143265646927,34.5453743141793,32.874750884185,51.8734421069476,23.5753086041897,3.03799672034479,33.7507611592611,33.700838025411,33.3336085153074,0.665014378979734
"1495","2015-12-17",42.9599990844727,43.1399993896484,42.810001373291,33.6217269897461,1257300,-0.131095237050339,34.526136402862,32.8649379684759,49.8532353779364,0.847358609721818,3.03799672034478,33.7107165018717,33.7488867759705,34.0195961771743,-0.397869187428213
"1496","2015-12-18",42.5,42.560001373291,42.1500015258789,33.095645904541,1676400,-0.157427663185608,34.4901711479581,32.7980422004306,47.1990078913929,-97.8602450240846,12.6656129895085,33.6583703358968,33.7929724057515,33.6458559598532,-0.550210055312192
"1497","2015-12-21",42.7700004577637,42.7799987792969,41.9000015258789,33.1506195068359,1124600,-0.17187907535142,34.4267484911667,32.7586053601517,47.5011555988591,-89.1920031864269,16.0411550004055,33.6280100504557,33.8257671356201,33.0791922534326,0.0714272534033213
"1498","2015-12-22",42.2900009155273,42.5499992370605,41.9799995422363,33.3704643249512,1434600,-0.163705192550751,34.3842761108473,32.7421879699633,48.7152453604455,-78.8142312187094,16.0411550004055,33.6180641174316,33.8709267934163,33.133446478732,0.237017846219167
"1499","2015-12-23",42.9199981689453,43.3800010681152,42.9000015258789,34.0614280700684,1260100,-0.100315952084458,34.4183708771315,32.7316478148851,52.3017068750872,60.2622795277873,1.20186295754626,33.6321973164876,33.9221482594808,33.3725461785283,0.688881891540106
"1500","2015-12-24",43.3499984741211,43.5400009155273,43.2900009155273,34.0614280700684,465200,-0.0495088155130432,34.368013096373,32.7576636309219,52.3017068750872,91.3604638280455,1.3964875696923,33.6324590047201,33.9602535565694,34.0742977757809,-0.0128697057125535
"1501","2015-12-28",43.3300018310547,43.4900016784668,43.2400016784668,34.1006889343262,648700,-0.00600653056030609,34.3452127645274,32.7694711496572,52.50367785986,82.2640760614024,0.534242447673765,33.6541826883952,33.9982338587443,34.0831869438472,0.017501990479019
"1502","2015-12-29",43.7999992370605,44.0400009155273,43.689998626709,34.5168342590332,1278700,0.0613416847560586,34.498099993536,32.7037394534855,54.6110660803888,153.260188667736,9.57602077366375,33.7054810841878,34.0330205917358,34.0988147367141,0.418019522319135
"1503","2015-12-30",44.0099983215332,44.0499992370605,43.75,34.3519592285156,866800,0.100255905891331,34.5878726960201,32.674426269434,53.6356911830046,137.087120839423,9.73547134777178,33.7381975809733,34.0548001607259,34.5226805199141,-0.170721291398465
"1504","2015-12-31",43.5900001525879,43.5999984741211,43.1199989318848,33.8572845458984,701300,0.0901405100946207,34.5930041476788,32.6747914150653,50.8185953079594,46.8987954805129,1.91450738962263,33.7463110605876,34.0687245686849,34.3651383013733,-0.507853755474905
"1505","2016-01-04",42.2299995422363,42.2700004577637,41.5400009155273,33.1349143981934,1551800,0.0235631311196443,34.5881856057347,32.686676683694,47.0828771502156,-135.878571917822,23.6459722773446,33.7204003651937,34.0697005589803,33.8456938133468,-0.710779415153482
"1506","2016-01-05",41.9500007629395,42.2599983215332,41.7799987792969,33.0564002990723,1277500,-0.0351303917236265,34.5944370417997,32.623106750925,46.6969096776257,-117.42007856316,23.6459722773446,33.684805170695,34.0635239919027,33.1079232767481,-0.051522977675873
"1507","2016-01-06",41.3400001525879,41.6500015258789,41.2400016784668,32.585277557373,1457700,-0.118297440107057,34.6042538882189,32.4711703061171,44.4357565983893,-175.307195127628,29.7264589540736,33.6316739400228,34.0524824142456,33.0341708003548,-0.448893242981732
"1508","2016-01-07",40.9000015258789,41.2400016784668,40.7099990844727,32.0749168395996,1311100,-0.22282122541381,34.7110889458889,32.2112247442966,42.1486224560239,-210.538792961146,35.145204376413,33.5688591003418,34.0260520935059,32.5777338142643,-0.502816974664718
"1509","2016-01-08",41.060001373291,41.060001373291,40.3899993896484,31.7608394622803,1557500,-0.327228412372904,34.8244609327385,31.9086233644416,40.811341674313,-210.202766892225,38.2198234696662,33.5000243504842,33.9962051709493,32.0479674784211,-0.287128016140777
"1510","2016-01-11",40.810001373291,40.8699989318848,40.2400016784668,31.9414367675781,1361800,-0.390893193614843,34.8826819724461,31.7020033531764,41.9077077742851,-193.098071130498,39.6533352335396,33.421243985494,33.9687188784281,31.7350459518751,0.206390815703067
"1511","2016-01-12",41.1300010681152,41.560001373291,40.7200012207031,32.5381660461426,2066000,-0.388716049077146,34.8913306056532,31.6611613453355,45.3668070307806,-121.214929774247,25.3509214563911,33.3654956181844,33.9271531740824,31.9352839832011,0.602882062941465
"1512","2016-01-13",41.75,41.810001373291,40.8400001525879,32.0984687805176,1557900,-0.417656061878645,34.928357270565,31.5424765078164,43.3970858607913,-113.103726829402,20.5685305560731,33.3139352798462,33.8750126838684,32.5584887433921,-0.460019962874568
"1513","2016-01-14",40.9199981689453,41.3300018310547,40.689998626709,32.2869110107422,1842000,-0.420537819219412,34.9273456709948,31.4390577179822,44.4660734120344,-116.949974057387,22.4658051280192,33.2652535120646,33.8249737739563,32.1100792042853,0.176831806456924
"1514","2016-01-15",40.0999984741211,40.3600006103516,39.8600006103516,31.4781723022461,1700700,-0.482517921298395,34.9138463224967,31.2005120072763,41.0261565883942,-177.647152269394,32.0638658436782,33.1877819697062,33.7619755744934,32.2745572287622,-0.796384926516133
"1515","2016-01-19",41.6599998474121,41.9300003051758,41.439998626709,32.7187652587891,1929000,-0.426614370310716,34.8547581288701,31.1693040278071,47.4743087230188,-45.3121345068297,5.62498433575746,33.1762659072876,33.7201733589172,31.4737730910704,1.24499216771863
"1516","2016-01-20",40.9500007629395,41.0800018310547,39.9700012207031,32.0042419433594,1821800,-0.43495260059327,34.8536284022597,31.0612933582993,44.5707153406235,-120.156276761518,21.3786089389564,33.1220877965291,33.6598392804464,32.7357085582258,-0.731466614866392
"1517","2016-01-21",41.0200004577637,41.439998626709,40.5099983215332,32.3497276306152,1752400,-0.40896856549972,34.8301630904721,31.0046694824649,46.2160959835813,-80.5741747769485,16.2965908989066,33.066862932841,33.608899529775,32.0763486080394,0.273379022575831
"1518","2016-01-22",41.9900016784668,42.3600006103516,41.8499984741211,33.1820220947266,1439800,-0.317556232428949,34.8131859615158,31.0028023883987,49.9208093636814,4.67604495326804,4.35995975310316,33.0527296066284,33.573649374644,32.2885224581198,0.893499636606776
"1519","2016-01-25",42.4199981689453,42.4700012207031,42.0699996948242,33.0642471313477,1381100,-0.251713162487157,34.6868894654537,31.0293807905888,49.4224691224254,12.7462050332844,3.0086389401305,33.0331000645955,33.5404620806376,33.2042795164291,-0.140032385081405
"1520","2016-01-26",42.0400009155273,42.7599983215332,42.0099983215332,33.4725456237793,1269400,-0.16468736570075,34.5937241053136,31.0636579061,51.1705993760794,31.6879858048913,0.617921304339722,33.0346707026164,33.5116719245911,33.0972771090652,0.37526851471408
"1521","2016-01-27",42.9300003051758,43.2799987792969,42.5200004577637,33.5667610168457,1512600,-0.087112224433163,34.5009347384354,31.1030544812301,51.5701726486709,60.0110246255288,6.9005599598558,33.0582260767619,33.4823581377665,33.4669768519259,0.0997841649197895
"1522","2016-01-28",42.8899993896484,43.2000007629395,42.5299987792969,33.7787628173828,1240100,-0.00842942340364772,34.3343048569268,31.1958772185737,52.4754343260229,60.193678861991,6.9005599598558,33.0870164871216,33.4636443773905,33.5847864719462,0.193976345436639
"1523","2016-01-29",43.4900016784668,44.2799987792969,43.3699989318848,34.76025390625,1258300,0.131608293020882,34.4494099337736,31.1216016095004,56.3803648538296,129.905877529504,19.0461383110457,33.1346511205037,33.4593258857727,33.7832934713238,0.97696043492622
"1524","2016-02-01",44,44.5699996948242,43.9599990844727,34.8780326843262,1621500,0.249220101085832,34.6906199861395,30.9824663709772,56.820791687129,147.311889528616,21.9681577349806,33.1639647801717,33.4573629697164,34.7772219657439,0.100810718582295
"1525","2016-02-02",44.4500007629395,44.5,44.0499992370605,34.6817321777344,1445800,0.32286668977229,34.9413101586417,30.8864579764291,55.848534512616,133.761923307187,21.9681577349806,33.199298286438,33.4550073941549,34.9212947207177,-0.239562542983293
"1526","2016-02-03",44.2400016784668,44.3499984741211,43.6300010681152,35.0060844421387,2004300,0.402761870778015,35.2446852203583,30.7780513290192,57.1031707835162,116.329606101623,15.0931913272521,33.2629795710246,33.4606749534607,34.6845777089548,0.32150673318386
"1527","2016-02-04",43.2999992370605,43.5200004577637,43.0499992370605,34.3099136352539,1795800,0.405232938301339,35.3939378965752,30.8012622605903,53.7140815799716,63.9867552169756,6.25207321012319,33.3016227086385,33.4648163795471,35.0011437690666,-0.691230133812716
"1528","2016-02-05",43.5499992370605,43.5699996948242,42.9900016784668,34.2940940856934,2290800,0.401288962312776,35.5112815650138,30.9058363167611,53.6392461937505,59.4181435132329,5.35714241435346,33.3324103673299,33.4752372423808,34.3192034204004,-0.0251093347070679
"1529","2016-02-08",42.6100006103516,43.1800003051758,42.3800010681152,34.0409469604492,2651200,0.373431786378468,35.5479706377072,31.0971579938846,52.4300377704367,33.5762424986325,3.47846940069992,33.3317276636759,33.4819624900818,34.2646408284227,-0.223693867973473
"1530","2016-02-09",42.1699981689453,42.9599990844727,42.1500015258789,33.8036117553711,1513200,0.328418007832497,35.5518066463639,31.2795394840072,51.3082312443149,20.7045321473678,6.63434721611859,33.3231337865194,33.4777963956197,34.0374964962662,-0.233884740895114
"1531","2016-02-10",43.1500015258789,43.1599998474121,42.5099983215332,33.6691284179688,1577600,0.278680131539794,35.5700814453964,31.3743609221574,50.672693493913,31.6201163644937,3.48907061720761,33.3087484359741,33.4814655621847,33.7903910524014,-0.121262634432618
"1532","2016-02-11",42.3400001525879,42.4799995422363,42,33.5029983520508,2048400,0.22328332711713,35.5382300769179,31.5466652477891,49.8830871157052,4.84302771470817,10.6712121674549,33.2749539057414,33.4902174949646,33.6571007838549,-0.154102431804134
"1533","2016-02-12",42.3800010681152,43.0099983215332,42.3499984741211,34.017219543457,1724500,0.218357226931012,35.5439614011765,31.7139647768021,52.2648573971437,40.887963868343,2.22064428350449,33.2637959162394,33.5009967486064,33.4947570897765,0.522462453680575
"1534","2016-02-16",43.5499992370605,43.5499992370605,42.9799995422363,34.3178215026855,1720500,0.235988988752929,35.4166565661184,32.1252345319041,53.5984200443043,75.9164957608843,5.62771742528149,33.2791471481323,33.5127291043599,34.0141148315784,0.303706671107136
"1535","2016-02-17",43.560001373291,43.9300003051758,43.4099998474121,34.6500854492188,1236300,0.273619100003486,35.4795737414975,32.255449375568,55.0347905797069,95.6520829078327,10.7806388784508,33.3296528498332,33.5250266075134,34.3430822597527,0.307003189466016
"1536","2016-02-18",43.689998626709,43.7700004577637,43.3600006103516,34.389030456543,1404600,0.279158314815362,35.3524884004128,32.621013567971,53.6841134506984,79.1684239315582,9.93634698172091,33.3740738550822,33.5294395128886,34.667446540323,-0.278416083780037
"1537","2016-02-19",43.2599983215332,43.689998626709,43.2000007629395,34.531421661377,1591900,0.291675706693859,35.2418783066008,32.9497930648592,54.3167375862251,72.4265551287745,7.14307798448738,33.4389453252157,33.5353096326192,34.4009551262962,0.130466535080721
"1538","2016-02-22",43.5,43.8400001525879,43.5,34.531421661377,985500,0.298158840425515,35.2395907882503,33.0870205398747,54.3167375862251,78.1095209319357,9.44879237525101,33.5208288192749,33.5448439598083,34.5213664761625,0.0100551852144193
"1539","2016-02-23",43.4099998474121,43.6100006103516,43.0499992370605,34.0567626953125,1029400,0.26197586425657,35.1595618446797,33.2663010398417,51.7930682394773,48.3748050785817,1.37627781666407,33.5973595937093,33.5486919720968,34.5370582526383,-0.480295557325753
"1540","2016-02-24",42.5499992370605,42.9900016784668,42.3400001525879,33.9776611328125,1298500,0.224331802565736,35.1268221482186,33.3495522872062,51.3815090898564,10.0468903088918,9.83933948944123,33.6652337392171,33.5432388623556,34.0507763723196,-0.0731152395070538
"1541","2016-02-25",43.4199981689453,43.6500015258789,43.3499984741211,34.531421661377,840200,0.236456733120043,35.1249135071614,33.4479269927165,54.0271001335018,65.5704558663801,1.03985872901033,33.7316755930583,33.5485856056213,33.9578862116573,0.57353544971965
"1542","2016-02-26",43.5900001525879,43.6699981689453,42.9799995422363,34.0330352783203,909600,0.203504340653851,35.1125531831534,33.4857145628183,51.4219245892293,39.3356578062197,4.62136613943549,33.796161142985,33.5550482114156,34.536309089692,-0.503273811371677
"1543","2016-02-29",42.8899993896484,43.2999992370605,42.8199996948242,33.8748092651367,1100700,0.162745783218064,35.0589382547653,33.4507850270951,50.6202745732039,14.5905033825398,7.0293108983436,33.8490910847982,33.5571722984314,34.0480565346573,-0.173247269520544
"1544","2016-03-01",43.6199989318848,44.2299995422363,43.6100006103516,34.9190635681152,1338900,0.212260125257053,35.0678644236344,33.4459619466048,55.3704597141672,99.7286765316734,7.4832197677206,33.9637874603271,33.5757847150167,33.8566210397375,1.06244252837776
"1545","2016-03-02",43.4099998474121,43.4500007629395,42.9500007629395,34.3099136352539,1486400,0.20004133733562,35.0249505723164,33.4516939436748,52.332549441212,24.1926987765841,2.54175833752457,34.0168257395426,33.5965458234151,34.9244264990155,-0.614512863761618
"1546","2016-03-03",43.1500015258789,43.7799987792969,43.1500015258789,34.610538482666,1103100,0.212170008845028,34.9411845388815,33.4959053811624,53.6313579351055,50.8947416410733,2.32732317862561,34.1037022908529,33.612895043691,34.3416212838434,0.268917198822621
"1547","2016-03-04",44.4000015258789,44.4599990844727,44.2299995422363,35.0772895812988,1336500,0.25648834329354,35.0751453050529,33.4386822095955,55.5755063439588,146.133859702114,11.5759674629451,34.1946210225423,33.6307419776916,34.5951440216789,0.482145559619966
"1548","2016-03-07",43.7599983215332,44.0999984741211,43.6399993896484,34.7924957275391,920100,0.265569142994082,35.1344686501482,33.4291990286848,54.1426165247609,83.9874156059068,2.56806145937927,34.2483034769694,33.6505165417989,35.0876382729895,-0.295142545450418
"1549","2016-03-08",43.9900016784668,44.3699989318848,43.8899993896484,34.9111442565918,1060100,0.279122140598496,35.2142610845815,33.4364263238658,54.646574664912,108.199503578343,6.26982509132447,34.3098667144775,33.6714833895365,34.8086876690465,0.102456587545312
"1550","2016-03-09",44.439998626709,44.6599998474121,44.2599983215332,35.0931015014648,1097700,0.301074814773045,35.3060387621614,33.4735976208953,55.4237499390456,140.016867186646,10.1876235697689,34.3638852437337,33.6992779731751,34.904659228158,0.188442273306862
"1551","2016-03-10",44.9500007629395,45.1500015258789,43.7599983215332,34.9190635681152,1643400,0.300959783448604,35.3313126631443,33.5733172349269,54.4996887580571,121.938285751326,2.30629633628391,34.4089619954427,33.7335940361023,35.096778588327,-0.177715020211757
"1552","2016-03-11",44.5499992370605,44.6599998474121,44.4000015258789,35.3067092895508,1199100,0.328363223483301,35.3805615026311,33.7044394891902,56.1829901820505,138.055327231282,2.30629633628392,34.459893544515,33.7734550158183,34.9251390228538,0.381570266697018
"1553","2016-03-14",44.6100006103516,44.7200012207031,44.3800010681152,35.1643104553223,1208500,0.334731672934041,35.4435413589651,33.7561687240427,55.4040860383865,123.993929214362,3.25517972377723,34.4733620961507,33.8040066083272,35.3036437415373,-0.139333286214985
"1554","2016-03-15",44.3600006103516,44.7700004577637,44.310001373291,35.2671508789062,909500,0.344110387371558,35.5301114495843,33.7645315710456,55.8612582169935,123.342393074553,2.01943761417224,34.4863327026367,33.8251487414042,35.176563804827,0.0905870740792878
"1555","2016-03-16",44.0800018310547,44.5400009155273,43.8899993896484,35.1880340576172,1168000,0.341225583738328,35.5895450372819,33.7588928441879,55.4091995181401,89.0074890320361,5.25331653485827,34.5032094319661,33.8512538592021,35.2654487923788,-0.0774147347615965
"1556","2016-03-17",44.5,45.1699981689453,44.3499984741211,35.6468772888184,1396900,0.371679678152979,35.7387180659195,33.7355044987777,57.4739062128773,146.815270862993,5.54356959888102,34.5245691935221,33.8937743822734,35.1910390923004,0.455838196517924
"1557","2016-03-18",44.8300018310547,45.2599983215332,44.75,35.5677642822266,1375300,0.384993048713795,35.8511259955558,33.7267308312264,57.0031255850519,147.069628096275,7.00041024636643,34.5664975484212,33.9340601285299,35.6455225418809,-0.0777582596542956
"1558","2016-03-21",44.5099983215332,44.7700004577637,44.5099983215332,35.2671508789062,1015600,0.367055810583885,35.9012391984935,33.7501905500417,55.2249806830593,97.826653316729,2.49416929329,34.5989327748617,33.9656715710958,35.5841067053457,-0.31695582643944
"1559","2016-03-22",43.9700012207031,44.2299995422363,43.9500007629395,34.9111442565918,1069600,0.320420058011614,35.8814115382258,33.8554563664373,53.1922049575716,38.7591245425547,7.24865223253244,34.6279393513997,33.9798335075378,35.2671872475626,-0.35604299097082
"1560","2016-03-23",44.6599998474121,44.75,44.5,35.2829551696777,1046800,0.309890694413276,35.8703499174517,33.9970473908979,54.9824919531155,88.7616863395989,1.99833639275014,34.6772507985433,34.0001922925313,34.899611599125,0.383343570552746
"1561","2016-03-24",44.5999984741211,44.6300010681152,44.310001373291,35.3067092895508,1209300,0.300004590678952,35.9031679928001,34.0417580783669,55.0960007611966,72.9058510616465,1.32464278071019,34.731836827596,34.0202926317851,35.2678742684692,0.0388350210815673
"1562","2016-03-28",44.7799987792969,44.9700012207031,44.6699981689453,35.4411926269531,604700,0.299568227595216,35.8829890927423,34.202752713288,55.7494614472441,102.200856946681,4.61946442563776,34.7964433034261,34.0356986045837,35.31656442209,0.124628204863136
"1563","2016-03-29",45.2299995422363,45.4799995422363,45.0400009155273,35.9633140563965,1549600,0.337463177071015,35.8895967223466,34.4049955628096,58.1929497581643,152.23866423175,12.8199919027491,34.8613131205241,34.0625545183818,35.4441968599574,0.519117196439048
"1564","2016-03-30",46.0200004577637,46.2099990844727,45.6599998474121,36.208553314209,1410400,0.382870463727173,36.0833494395537,34.3401918202119,59.285355768628,200.381405735254,22.9554109934732,34.9243375142415,34.1017423311869,35.9695288571767,0.239024457032315
"1565","2016-03-31",45.5900001525879,45.5900001525879,45.1399993896484,35.7418060302734,1166900,0.376849375480283,36.0745550794511,34.4921754198165,56.3846066255329,124.248694733613,12.9559042677503,34.9607282002767,34.1451905250549,36.2292846930565,-0.487478662783083
"1566","2016-04-01",44.4799995422363,45.1199989318848,44.4700012207031,35.6785202026367,949700,0.362788976780436,36.0794243808545,34.5941042904101,56.0002796577041,72.5520554428936,1.57795525825375,35.0037111918132,34.1888925234477,35.7537948102931,-0.0752746076563611
"1567","2016-04-04",45.7200012207031,45.7200012207031,45.25,35.8683776855469,1615100,0.362783973851393,36.1446153275449,34.6080221541446,56.9117523225759,126.690548252176,10.2338257517655,35.0482763926188,34.2436108589172,35.6653805112998,0.202997174247116
"1568","2016-04-05",45.1399993896484,45.2599983215332,44.9500007629395,35.6943359375,1199600,0.344762091668478,36.1502812766553,34.6925402260302,55.8152846022479,85.1601866600591,5.28485149578766,35.0870402018229,34.3039345105489,35.8635932237306,-0.169257286230554
"1569","2016-04-06",45.2900009155273,45.8300018310547,45.2700004577637,36.2560234069824,1044400,0.371520448302469,36.2658588133982,34.7114506043264,58.4855691163103,135.110795153732,13.199700156971,35.1603488922119,34.3788542429606,35.699054454594,0.556968952388388
"1570","2016-04-07",45.5699996948242,45.8300018310547,45.3400001525879,36.0028610229492,935000,0.36805583157372,36.3203102336687,34.7479751362043,56.8827168182232,123.748285288053,13.199700156971,35.2278555552165,34.4465446472168,36.2516285462973,-0.248767523348093
"1571","2016-04-08",45.6199989318848,45.75,45.4700012207031,36.0661544799805,700100,0.366196070520083,36.3557933390113,34.8272011220482,57.1861839221354,120.089149979151,13.199700156971,35.2790133158366,34.5053444544474,36.0207445379744,0.0454099420060885
"1572","2016-04-11",45.8699989318848,46.1199989318848,45.7400016784668,36.1848258972168,1149700,0.370032483941131,36.4310604678008,34.8397456540254,57.7627727209009,140.453809348248,18.5935169582252,35.3507396697998,34.5734504063924,36.0613590277365,0.12346686948031
"1573","2016-04-12",46.1100006103516,46.2400016784668,45.8199996948242,36.5487213134766,900900,0.397850020722601,36.5658929466921,34.8433542609495,59.4932403445521,152.474442199136,20.3103625165613,35.4398700714111,34.6444805781047,36.1857568621543,0.362964451322306
"1574","2016-04-13",46.4199981689453,46.5,46.0499992370605,36.5803680419922,1603600,0.417635009128446,36.6894141595615,34.8511547643887,59.6419959194359,158.266913666825,24.0214915468837,35.495246887207,34.7295171737671,36.552535325446,0.0278327165461434
"1575","2016-04-14",46.5200004577637,46.5499992370605,46.1599998474121,36.5249938964844,1360700,0.423959384344606,36.772292994181,34.9019719136559,59.2481539056698,149.469428492691,24.7419578087858,35.5690828959147,34.7929543177287,36.5936990880013,-0.0687051915168908
"1576","2016-04-15",46.4000015258789,46.6300010681152,46.3600006103516,36.8651580810547,1138500,0.451218537663799,36.9342769219856,34.8618160650749,60.8893835059326,158.79203133375,25.943084315039,35.6442368825277,34.8739695866903,36.5287539403364,0.336404140718336
"1577","2016-04-18",46.4900016784668,46.8499984741211,46.4700012207031,36.9996566772461,1262000,0.478162565314747,37.1030910862015,34.836191140361,61.5232141935286,158.640859951811,29.2618081786459,35.7083157857259,34.9514684041341,36.8633051712511,0.136351505995023
"1578","2016-04-19",47.7000007629395,47.9000015258789,47.6500015258789,37.7986602783203,1516200,0.557561591448163,37.4444129284721,34.7480202380318,65.0081862239634,235.376084333704,42.4253683470972,35.808521270752,35.0284123738607,37.011127976116,0.787532302204362
"1579","2016-04-20",47.5499992370605,47.8899993896484,47.4099998474121,37.6246223449707,1169700,0.599531459502607,37.6233863254574,34.8403946498844,63.7079784059534,196.828840583115,36.2311945476576,35.8989705403646,35.1044186274211,37.8072979690537,-0.182675624083025
"1580","2016-04-21",46.75,46.8600006103516,46.5,36.8256072998047,1268800,0.561842475492099,37.649115062882,34.9689311254725,58.1813203706842,102.537301362063,15.8159276478052,35.9567207336426,35.1603029886882,37.6553709245302,-0.829763624725537
"1581","2016-04-22",46.0999984741211,46.1599998474121,45.5999984741211,36.3825912475586,1522500,0.490570994102498,37.6171296699468,35.1085047142085,55.4235937328451,36.317603637076,0.0235807189545486,36.005504989624,35.2072334925334,36.8243790413477,-0.441787793789153
"1582","2016-04-25",45.7700004577637,46.25,45.7400016784668,36.5566253662109,1239400,0.443024025338154,37.5972709005608,35.2399067575202,56.2660065559883,45.3573265537318,1.41765902681151,36.047168858846,35.2535312016805,36.3556244247544,0.201000941456563
"1583","2016-04-26",46.0200004577637,46.2299995422363,45.6500015258789,36.1610870361328,1173100,0.369170504672248,37.5943257681808,35.2626291878739,53.8723424357593,26.0945449187565,0.120753424538657,36.080394744873,35.2768784205119,36.5398450515816,-0.378758015448831
"1584","2016-04-27",45.1399993896484,45.3899993896484,44.8400001525879,36.0374717712402,2254500,0.297239941655711,37.5950396100973,35.2448071916605,53.141443632593,-35.4890862126196,12.8405429759457,36.1060721079508,35.2962024052938,36.1617493814911,-0.124277610250886
"1585","2016-04-28",44.7299995422363,45.3899993896484,44.7099990844727,35.9896354675293,1124500,0.233680736242384,37.5822805074976,35.2823492379858,52.8543780506401,-46.0711736401135,14.7041629862368,36.1327921549479,35.318000793457,36.0251097636477,-0.0354742961184158
"1586","2016-04-29",44.6500015258789,45.0400009155273,44.5099983215332,35.7743148803711,1611700,0.164044038595478,37.5745808823403,35.2996283309166,51.5575242195281,-73.4485603388378,17.601574552493,36.1370400746663,35.3308046340942,35.9837237261866,-0.209408845815489
"1587","2016-05-02",44.9099998474121,45.3899993896484,44.7599983215332,36.1411399841309,925100,0.136878326054138,37.5658280950194,35.3356573480958,53.5654517654403,-40.5226456010959,10.575093736183,36.1561525980632,35.3613250732422,35.7703685559803,0.370771428150555
"1588","2016-05-03",45.0099983215332,45.2000007629395,44.8199996948242,35.8141899108887,1075800,0.0879532938493952,37.5558789252556,35.3575919151985,51.5936484445769,-59.5942264135193,10.575093736183,36.1743872324626,35.3866600036621,36.1355200035857,-0.321330092697067
"1589","2016-05-04",44.5299987792969,44.9199981689453,44.5,35.7503890991211,1039700,0.0435298757263354,37.5724975134386,35.2904098962294,51.2130843802511,-89.2927485444214,15.8291787773787,36.2023620605469,35.4151507059733,35.8226149642111,-0.0722258650899903
"1590","2016-05-05",44.7900009155273,45.0699996948242,44.7299995422363,35.8062057495117,803100,0.0126817467354243,37.5814502640256,35.2617916182986,51.536608128655,-75.5185603505095,12.5166089051307,36.2198037465413,35.4485272725423,35.7426064968296,0.0635992526820885
"1591","2016-05-06",44.7700004577637,45.1800003051758,44.7200012207031,35.9816513061523,809800,0.0023641203151854,37.5832773429185,35.2515142220229,52.5595557821642,-68.9052186212187,10.0494447868282,36.2423018137614,35.4870693206787,35.8029223672865,0.178728938865831
"1592","2016-05-09",45.4199981689453,45.689998626709,45.3800010681152,36.2767143249512,763500,0.0177913590033398,37.5847328289983,35.2592475787165,54.2399894886697,-14.5906774694161,0.737623365743457,36.270152537028,35.533297920227,35.9829499413052,0.293764383646014
"1593","2016-05-10",45.5699996948242,45.8400001525879,45.5299987792969,36.5478630065918,803500,0.0513055706533834,37.5846702821799,35.2592242948464,55.7306931953762,7.04326917318031,3.70524696818201,36.2896375020345,35.5754753112793,36.2827127585004,0.265150248091437
"1594","2016-05-11",45.6699981689453,45.7900009155273,45.5,36.3165969848633,880400,0.0585298934817331,37.5698984119933,35.2476190593202,54.1735794546704,-5.35807405390439,3.0466350826287,36.293238957723,35.6087882359823,36.5586043173755,-0.242007332512223
"1595","2016-05-12",45.9000015258789,45.9500007629395,45.4000015258789,36.4122886657715,913300,0.0711564925395649,37.5629811901832,35.243265758059,54.7151615836926,-0.630625556294008,6.43448624203913,36.3155883789062,35.6381582895915,36.3260853605669,0.0862033052045419
"1596","2016-05-13",45.439998626709,45.6699981689453,45.0999984741211,36.0215225219727,682000,0.0490659989338056,37.5113731381661,35.2105102541679,52.1134210939425,-45.9685505237977,0.532012552613405,36.3270217895508,35.665366490682,36.4076579193305,-0.386135397357826
"1597","2016-05-16",45.2700004577637,45.7099990844727,45.2000007629395,36.4202613830566,1015000,0.0630077037002721,37.4431937758931,35.2207500870219,54.402155982893,-23.0128408885742,0.397192861062215,36.3454179128011,35.69684715271,36.02284716884,0.397414214216603
"1598","2016-05-17",45.2400016784668,45.3800010681152,44.6500015258789,35.7184829711914,991800,0.0172303318021321,37.1310808886828,35.3248452435194,50.0470856952566,-93.3415353206593,11.6106049771083,36.3462228139242,35.7166315078735,36.4090186881104,-0.690535716918987
"1599","2016-05-18",44.9099998474121,45.2700004577637,44.5999984741211,35.8460922241211,1099800,-0.00865183206443731,36.7733556373493,35.5047174827679,50.7881470962669,-89.5069169289648,12.6262013350333,36.3325584411621,35.746453666687,35.7308043808265,0.115287843294546
"1600","2016-05-19",44.6699981689453,44.7200012207031,44.3499984741211,35.5988731384277,920400,-0.0485524649261535,36.668215521799,35.4871841821805,49.3217390651181,-125.013588648969,17.6812674737243,36.3190921783447,35.7734738667806,35.8236295869474,-0.224756448519621
"1601","2016-05-20",44.9199981689453,44.939998626709,44.5900001525879,35.5909004211426,1124000,-0.0798963403143347,36.6483857937429,35.427844827595,49.2742755023986,-99.2635038043531,11.6072069945557,36.3032503763835,35.79113184611,35.6001790822366,-0.00927866109403652
"1602","2016-05-23",44.4500007629395,44.6199989318848,44.3499984741211,35.4553184509277,717600,-0.114358663780166,36.5950696503247,35.3710302794848,48.4539801642721,-116.264723432405,16.6256026351468,36.2789334615072,35.8148365656535,35.5826202788943,-0.127301827966569
"1603","2016-05-24",45.060001373291,45.7099990844727,45.0299987792969,36.4282417297363,1338300,-0.0624437136130567,36.6358364545314,35.3569789446385,54.1234291875142,-11.2023408388947,8.57400194821609,36.2749174753825,35.8573937733968,35.4539880387557,0.974253690980646
"1604","2016-05-25",45.9199981689453,45.9900016784668,45.5299987792969,36.3165969848633,1005600,-0.0299641315789785,36.6655566207675,35.3551712997647,53.4258712592779,16.5904533194661,13.694781429312,36.2661251068115,35.8806859970093,36.4201408343058,-0.103543849442474
"1605","2016-05-26",45.8400001525879,46.0699996948242,45.7700004577637,36.5398750305176,1038300,0.013635660056373,36.7343152856148,35.3414365912163,54.6354728676805,39.9519590490571,15.1462849209445,36.2666211446126,35.9178520202637,36.349157854224,0.190717176293624
"1606","2016-05-27",46.0299987792969,46.1500015258789,45.9000015258789,36.6914024353027,930600,0.0597273050520499,36.8263376505555,35.3411229817688,55.4478077729008,57.4756784972545,16.6449254624735,36.2608292897542,35.952533086141,36.5398456734648,0.151556761837895
"1607","2016-05-31",46.5299987792969,46.5299987792969,45.4700012207031,36.3325309753418,2035900,0.066530416945767,36.8439117178535,35.3426880135918,53.1174277143387,45.2149552031504,5.89883862824898,36.2385917663574,35.9734537760417,36.6991250334615,-0.366594058119688
"1608","2016-06-01",45.7200012207031,46.0299987792969,45.7200012207031,36.595703125,1486900,0.0920960986933963,36.9029125568591,35.3618384959973,54.5660240495244,59.2499305237757,5.89883862824898,36.1984931945801,36.003507232666,36.3408110867137,0.254892038286343
"1609","2016-06-02",45.689998626709,45.9500007629395,45.6199989318848,36.595703125,928900,0.111076663040478,36.9496774972088,35.3996049582355,54.5660240495244,65.2083509259605,3.36814377781584,36.1641958872477,36.0315832138062,36.5828555855991,0.012847539400866
"1610","2016-06-03",46.0999984741211,46.5999984741211,46.0200004577637,37.1060752868652,1028900,0.165395093455039,37.0981005889703,35.3811688202094,57.3039234239314,152.157546739836,17.1282198582028,36.1735448201497,36.0651327768962,36.6030960792305,0.502979207634731
"1611","2016-06-06",46.8499984741211,47.0299987792969,46.5099983215332,37.2177276611328,892200,0.214974166018223,37.2544717536109,35.3484052910668,57.8783654381583,191.063354186745,24.7097978770927,36.2013827006022,36.1034438451131,37.1043192351888,0.113408425944037
"1612","2016-06-07",47.2200012207031,47.310001373291,46.8300018310547,37.3772201538086,1193200,0.264091368541656,37.4237212723145,35.289206355249,58.6994902573215,210.001700740729,29.2173108531081,36.2287358601888,36.1379523595174,37.2356807089345,0.141539444874134
"1613","2016-06-08",46.939998626709,47.0699996948242,46.810001373291,37.4250717163086,868400,0.303381137686316,37.5680703676363,35.2325781308989,58.9478714897385,180.837108465665,28.6293071921539,36.2708686828613,36.1756317138672,37.3836440801341,0.0414276361745323
"1614","2016-06-09",46.560001373291,46.7400016784668,46.4500007629395,37.1619071960449,788900,0.309713204343453,37.6578019438501,35.2273775758032,56.9976897323739,126.707012139095,18.2737231666629,36.3083498636882,36.2072109858195,37.4318604008605,-0.269953204815593
"1615","2016-06-10",45.4700012207031,45.6699981689453,45,36.0773544311523,1460300,0.224627700344435,37.6519955877502,35.1996905084412,49.9522426436245,-28.032276600692,12.1704411543326,36.3112738291423,36.2220329920451,37.1660427200946,-1.08868828894228
"1616","2016-06-13",44.5400009155273,44.8600006103516,44.3199996948242,35.4074821472168,1437900,0.101968303332178,37.6925975936757,35.0976844650401,46.2958100439916,-118.376392285548,22.2085567142978,36.2990460713704,36.2180430730184,36.071179466033,-0.663697318816197
"1617","2016-06-14",43.6399993896484,43.8400001525879,43.3699989318848,34.785457611084,2374600,-0.0449145867060494,37.796849156687,34.8299525248315,43.25442184501,-203.255448981095,33.5503723575576,36.2538566589355,36.2050046284993,35.3631890048961,-0.57773139381213
"1618","2016-06-15",44.0400009155273,44.2400016784668,43.7400016784668,34.9130516052246,1523600,-0.14930348863696,37.8643918978661,34.6818666470557,44.0346034879962,-154.933017993415,25.3261677869057,36.2238187154134,36.199102973938,34.7449153854222,0.168136219802385
"1619","2016-06-16",43.4799995422363,44.439998626709,43.3400001525879,35.3995094299316,1657100,-0.190582448707211,37.8793890413861,34.6222112241168,46.9132482403179,-136.410587417001,29.938214507895,36.2121227264404,36.2072423934937,34.8832717231441,0.516237706787493
"1620","2016-06-17",44.189998626709,44.3400001525879,43.7799987792969,35.3197555541992,1615700,-0.227113767069021,37.8934974160044,34.5801910910757,46.5075326949277,-119.585045178434,29.938214507895,36.19590771993,36.2078557332357,35.405650114713,-0.0858945605138075
"1621","2016-06-20",45.7999992370605,45.7999992370605,45.2999992370605,36.1411399841309,1991300,-0.18762343499818,37.8938961262013,34.6348163371777,51.0204641299945,6.96226784460011,3.32248234818113,36.201224009196,36.2217629114787,35.3377855728647,0.803354411266142
"1622","2016-06-21",45.8600006103516,46.5999984741211,45.7900009155273,36.9625396728516,1485200,-0.0890207958424796,37.951024932287,34.7284096532843,54.9520891061402,75.0471679987501,7.74598490850786,36.224084854126,36.247118695577,36.1459419441618,0.816597728689722
"1623","2016-06-22",46.4599990844727,46.9000015258789,46.310001373291,36.9705200195312,2179000,-0.0101169250213431,38.0024772689282,34.7311851456226,54.9884029584779,97.1993967306848,11.5445288002561,36.238173421224,36.2639054616292,37.0048652703398,-0.0343452508085988
"1624","2016-06-23",47.1599998474121,47.4199981689453,46.6199989318848,37.7919044494629,1449500,0.117341183850414,38.1954298668136,34.6857632941971,58.5464173726133,137.618630071137,17.8145012255748,36.2873503367106,36.2902946472168,37.0085245714477,0.783379878015168
"1625","2016-06-24",44.9199981689453,45.9199981689453,44.2099990844727,35.2798881530762,3888200,0.0154755397065429,38.2063355905867,34.5488588826799,46.834059638927,-54.6999979282176,12.8057603556992,36.2496036529541,36.2825960159302,37.8094842470573,-2.52959609398118
"1626","2016-06-27",44.1699981689453,44.3400001525879,43.689998626709,35.3038139343262,2306200,-0.0626014757447138,38.1913068543681,34.4251287688009,46.9386494157439,-107.189962115323,17.7370962975627,36.2256800333659,36.2763509114583,35.3343999864756,-0.0305860521494523
"1627","2016-06-28",45.439998626709,45.439998626709,44.810001373291,36.2288665771484,1760400,-0.0492661462492521,38.1864125090069,34.4196566743427,50.8091211121873,-17.405726938551,4.38724895656466,36.2193002065023,36.2823590596517,35.1912619687862,1.03760460836219
"1628","2016-06-29",46.0900001525879,46.7099990844727,45.9599990844727,37.0821571350098,1788600,0.0298119614896777,38.239001885577,34.4157126987736,54.0102309295819,69.8010911640485,8.42733013567211,36.2647560119629,36.3054894129435,36.2176218698737,0.864535265136041
"1629","2016-06-30",46.9799995422363,47.9300003051758,46.9000015258789,38.2065849304199,2385900,0.181125950246752,38.4948568085627,34.3209459563299,57.7575682776255,146.368030163781,18.6786871509731,36.3434391021729,36.3379987716675,37.1041200283267,1.10246490209325
"1630","2016-07-01",48.2599983215332,48.2900009155273,47.8600006103516,38.3022880554199,1566100,0.305247120067854,38.7022625741471,34.233161467601,58.0584692855476,168.694862359713,21.4523603426146,36.4335529327393,36.376322555542,38.2432007484988,0.0590873069211568
"1631","2016-07-05",47.810001373291,48.0999984741211,47.7000007629395,38.1268501281738,1432500,0.385019402853167,38.8467521258817,34.1795841625705,57.2846604218922,143.900995228509,19.5156893146871,36.5180845896403,36.4106674830119,38.3402018646095,-0.213351736435705
"1632","2016-07-06",46.8899993896484,47.3800010681152,46.6100006103516,37.7201271057129,1707700,0.410686227712539,38.8954529557366,34.165174027906,55.5103064264662,84.3986027564544,7.08104971570647,36.5935782114665,36.4362558364868,38.1276027637811,-0.407475658068229
"1633","2016-07-07",47.6800003051758,47.75,47.0900001525879,37.7041893005371,1431600,0.424843986631494,38.9347966879151,34.1537420541503,55.4406945081127,97.2169410387165,10.461358621048,36.6361097971598,36.4555136362712,37.7110010494891,-0.00681174895202474
"1634","2016-07-08",47.4900016784668,47.6300010681152,47.189998626709,37.8636779785156,1070800,0.443817464522056,39.0279531048136,34.1307627154988,56.0117408498182,93.1300408804803,10.461358621048,36.6876791636149,36.4769021352132,37.6921265934124,0.171551385103193
"1635","2016-07-11",47.2099990844727,47.6300010681152,47.1100006103516,37.8636779785156,911700,0.453624976094183,39.169920534017,34.1674276410318,56.0117408498182,84.8185007536829,9.47738680999944,36.7318059285482,36.4992135365804,37.8650758307405,-0.0013978522248479
"1636","2016-07-12",47.2900009155273,47.5499992370605,47.0200004577637,37.712158203125,1424000,0.444052360900507,39.2526509281308,34.3151648525088,55.2913370318916,72.5949226875295,8.31701628626927,36.7658311208089,36.5133302052816,37.8685597262826,-0.156401523157619
"1637","2016-07-13",47.3800010681152,47.8300018310547,47.3300018310547,37.9593811035156,1002900,0.451213507877924,39.2747154699986,34.6104926598842,56.2412942340291,84.8973300837865,11.4387684260345,36.8200594584147,36.5293256123861,37.7107253407787,0.248655762736952
"1638","2016-07-14",47.8899993896484,47.9000015258789,47.3499984741211,37.8238105773926,2095100,0.440867316014206,39.243568358858,34.9327156682417,55.5714650814872,78.9719184655253,12.2373461924213,36.8609963734945,36.5297447840373,37.9714910609587,-0.147680483566134
"1639","2016-07-15",47.5099983215332,47.5800018310547,47.2799987792969,37.7998733520508,1232600,0.42582767403087,39.2309171670128,35.1854032522988,55.4508369424141,66.6750060376284,11.1658059544383,36.9011353810628,36.5326656341553,37.8305885995112,-0.0307152474604138
"1640","2016-07-18",47.4500007629395,47.7000007629395,47.3300018310547,37.9832916259766,780300,0.423823398898058,39.1832397745549,35.4994342519344,56.2043995106397,69.9439723262696,12.69324494108,36.9303759256999,36.5519603729248,37.7953503144249,0.187941311551711
"1641","2016-07-19",47.0299987792969,47.1599998474121,46.8400001525879,37.4649391174316,962500,0.376073143922625,39.1608432159976,35.6542107238217,53.5559403722615,38.3131997738482,4.82576526467916,36.9386163075765,36.5699995040894,37.9840449316659,-0.519105814234265
"1642","2016-07-20",47.0499992370605,47.2299995422363,46.9099998474121,37.4330444335938,1002700,0.331831936397286,39.1718099703018,35.6902944455918,53.3957832415076,40.4102312054994,5.82971942700321,36.9404771169027,36.5846064885457,37.4668285148063,-0.0337840812125805
"1643","2016-07-21",46.75,47.0099983215332,46.5400009155273,37.2336845397949,1709300,0.277485107789232,39.1742563634279,35.7141645044921,52.3828736150777,25.1553033085435,0.123162818156306,36.9340975443522,36.6024831136068,37.4171699467491,-0.183485406954162
"1644","2016-07-22",46.4599990844727,46.8199996948242,46.4500007629395,37.1619071960449,1256600,0.226017632224078,39.1390385283964,35.6863826141817,52.0153644042611,18.0698616356505,1.5629055821408,36.9340975443522,36.6212237040202,37.2311116259591,-0.0692044299141799
"1645","2016-07-25",46.560001373291,46.5999984741211,46.310001373291,37.1140556335449,1805500,0.179301193308653,38.9207183346008,36.0881195560242,51.7648998433173,8.02478741137712,3.86720176237022,36.9686542510986,36.6399640401204,37.1553486035569,-0.041292970011952
"1646","2016-07-26",46.8400001525879,46.939998626709,46.5400009155273,37.2575988769531,1306800,0.152107419349832,38.5814138285299,36.6228025563578,52.4750435706033,19.7955298145153,2.08329172899259,37.0303248087565,36.6646854400635,37.1115332703112,0.146065606641926
"1647","2016-07-27",46.439998626709,46.4900016784668,45.9500007629395,36.8269653320312,1455100,0.0947158046094145,38.4595148333087,36.8045114270672,50.1821661713199,-20.1228404588978,7.72299833868632,37.0983750661214,36.6761158625285,37.2576037032691,-0.430638371237812
"1648","2016-07-28",46.5999984741211,46.5999984741211,46.3199996948242,37.1060752868652,1059500,0.070936663479209,38.4574274518432,36.8089906237184,51.6001230049275,-8.14156338834544,5.69944625235493,37.1714758555094,36.6976472854614,36.8271979911357,0.278877295729522
"1649","2016-07-29",46.3699989318848,47.0099983215332,46.3199996948242,37.3293762207031,1026200,0.0693110671337323,38.3776747013082,36.8010225032816,52.714030027695,2.80782242603044,1.66092043326084,37.2358047485352,36.7239637374878,37.0953895937728,0.23398662693036
"1650","2016-08-01",46.5499992370605,46.7700004577637,46.4599990844727,37.0741806030273,1985200,0.0468900968817039,38.2725559782334,36.7833304811172,51.3177321762919,-17.6607219716131,1.66092043326083,37.2942855834961,36.7450966517131,37.339635121618,-0.265454518590644
"1651","2016-08-02",47.2299995422363,47.2299995422363,46.8800010681152,37.4808883666992,1604700,0.0612333737363357,38.1848536956988,36.8064365875043,53.3547363085066,24.4542729475197,9.72057089026087,37.338943862915,36.7700839360555,37.078406169422,0.402482197277173
"1652","2016-08-03",46.060001373291,46.1699981689453,45.7799987792969,36.8485450744629,1136800,0.0213298280310994,38.1900082186702,36.7141238614079,49.9903852804246,-79.4563956238402,9.28458647901703,37.3351440429688,36.7796144485474,37.4764066038933,-0.62786152943044
"1653","2016-08-04",45.8899993896484,46.1800003051758,45.8699989318848,37.0494079589844,895200,0.00584654138020824,38.1681905459144,36.6704634000084,51.0055699955757,-65.458490540133,9.10090108614251,37.3377736409505,36.7879735310872,36.8576799680671,0.191727990917236
"1654","2016-08-05",46.1100006103516,46.4099998474121,46.0900001525879,37.0976295471191,1066600,-0.00250412963615076,38.1123512476952,36.649697855088,51.2513346158302,-44.2299514384588,4.77218012350042,37.3146311442057,36.8009907404582,37.030303338613,0.0673262085061666
"1655","2016-08-08",45.7999992370605,45.9799995422363,45.7200012207031,36.9208641052246,1228700,-0.0231190879951271,38.0556991723432,36.6120685431109,50.2946397011376,-88.8002059056231,10.8544818695942,37.3693303426107,36.8094669977824,37.1047362044323,-0.183872099207669
"1656","2016-08-09",46.0999984741211,46.4700012207031,46.0800018310547,37.2342224121094,1130500,-0.0140096994024361,38.01040081016,36.6095733261925,51.9398466826069,-59.619751658079,1.66217895602106,37.4336772918701,36.829678662618,36.9215500605534,0.312672351555989
"1657","2016-08-10",46.3800010681152,46.5099983215332,46.0800018310547,37.1378021240234,897700,-0.0144047062565846,37.9021018017498,36.6357144366535,51.3983238860605,-72.0399502813191,0.931891027329307,37.4639751434326,36.8416376749675,37.2300541086736,-0.0922519846501757
"1658","2016-08-11",46.8400001525879,47.2000007629395,46.7299995422363,37.7966613769531,1063100,0.0380085445188172,37.8958327860851,36.6392685322743,54.7343706158897,20.2974213667544,10.8746280688177,37.4877919514974,36.8762739817301,37.1472267524276,0.64943462452554
"1659","2016-08-12",46.8899993896484,47.0299987792969,46.7099990844727,37.5957946777344,781600,0.0626163570744751,37.8551148248931,36.6595786260346,53.5745836244354,4.14790966433982,10.4742157820982,37.4674322764079,36.9054356892904,37.7957420814058,-0.199947403671452
"1660","2016-08-15",46.7099990844727,46.9500007629395,46.5900001525879,37.5315208435059,1153000,0.0760551481460112,37.7447163754895,36.7247999971912,53.2014272112518,-3.84252995541059,7.9733356388909,37.4417400360107,36.937646484375,37.6172098583266,-0.0856890148207299
"1661","2016-08-16",46.810001373291,47.0299987792969,46.7099990844727,37.6440086364746,1191700,0.0946907753688393,37.7764645545509,36.7109587700341,53.7842235353555,19.33532445155,9.43437154743188,37.4256453196208,36.9718649546305,37.5247402607458,0.119268375728851
"1662","2016-08-17",47.0400009155273,47.3199996948242,46.8300018310547,37.9493255615234,935800,0.132568006953377,37.8845804576038,36.6544709797742,55.345633228398,60.1734043758856,14.6832368292627,37.4332852681478,37.0134317398071,37.6421965756814,0.307128985842034
"1663","2016-08-18",47.3499984741211,47.3499984741211,47.1399993896484,38.037727355957,665500,0.167785149124526,38.0136138399809,36.6058418790132,55.7929871457393,85.2782064651485,15.226524587166,37.4444032033284,37.0402565002441,37.9537764555771,0.0839509003799108
"1664","2016-08-19",46.939998626709,47.1800003051758,46.7700004577637,37.901123046875,766200,0.182567635866036,38.0941740949009,36.5992032091763,54.9135727210663,48.4445336165869,6.30176345551829,37.4456513722738,37.0666652679443,38.0479033923683,-0.146780345493312
"1665","2016-08-22",46.7000007629395,46.9700012207031,46.6399993896484,37.6600685119629,1061800,0.17283939180026,38.1255730450871,36.6224055468319,53.3777248727542,16.9757824320215,3.29678683940917,37.4388643900553,37.0853351593018,37.9035823102701,-0.243513798307184
"1666","2016-08-23",47.1699981689453,47.2599983215332,46.8199996948242,37.6600685119629,897000,0.163247868480347,38.1540804535617,36.6341451018582,53.3777248727542,48.0576185551736,9.4036970486164,37.4371280670166,37.1014795939128,37.6549304921214,0.00513801984149609
"1667","2016-08-24",46.8499984741211,46.8600006103516,46.5099983215332,37.4913444519043,1016400,0.140413298484511,38.139495880541,36.7151675868662,52.2824264717405,-2.84460233356625,2.04017673001386,37.4215268452962,37.1207931518555,37.6523517031057,-0.161007251201433
"1668","2016-08-25",46.7799987792969,46.9599990844727,46.7299995422363,37.6038208007812,962400,0.129895286592095,38.1517902425242,36.7526477762746,52.9482446899538,32.2164611018325,4.26210891210002,37.4141938527425,37.1375951131185,37.4910585112416,0.11276228953961
"1669","2016-08-26",46.8300018310547,47.25,46.4900016784668,37.4913444519043,1341200,0.111201918542704,38.1576474172416,36.7629874246774,52.194840289169,32.7146857749416,10.5517294705112,37.403909556071,37.1525224685669,37.5987025365331,-0.107358084628835
"1670","2016-08-29",46.6100006103516,46.8899993896484,46.5900001525879,37.6600685119629,471000,0.108748328211895,38.1675986136303,36.8116250191823,53.2276140005213,32.5564321273642,10.5517294705112,37.3931354522705,37.1617556889852,37.4948831699957,0.165185341967238
"1671","2016-08-30",46.8600006103516,46.9700012207031,46.5200004577637,37.4270629882812,846500,0.0869993671950695,38.1654802234096,36.8083608715611,51.6340160495023,16.42458170381,12.3665695102356,37.3918729146322,37.1652446111043,37.6564777578591,-0.229414769577801
"1672","2016-08-31",46.2999992370605,46.5099983215332,46.1699981689453,37.3306350708008,1133800,0.0612758816171137,38.1253088370148,36.8967412575897,50.9805751373524,-53.1992167180929,2.628578462099,37.3884592692057,37.1644681930542,37.4323020008044,-0.101666930003574
"1673","2016-09-01",46.7099990844727,47.0299987792969,46.5800018310547,37.7484588623047,1140600,0.0737545257815171,38.1283931792952,36.9635620056413,53.6119926986945,53.9254218157776,14.4089059509844,37.4056184132894,37.1698579788208,37.3223734034065,0.426085458898186
"1674","2016-09-02",48.5,48.9700012207031,48.3400001525879,39.0742416381836,2517600,0.188451183236481,38.5093692789317,36.7802471151112,60.5613693161013,371.304907425961,42.2653050269309,37.469362894694,37.2017302195231,37.7468527526987,1.32738888548489
"1675","2016-09-06",48.2900009155273,48.5699996948242,48.1300010681152,38.9054985046387,1297200,0.262704654256169,38.7085435170931,36.7795363168913,59.3899031688872,274.502531664067,37.1021005178994,37.5290776570638,37.2488659540812,39.0983556010895,-0.192857096450822
"1676","2016-09-07",48.4599990844727,48.5099983215332,48.1199989318848,38.7126617431641,1175200,0.302503675886094,38.8426872008303,36.7932365662595,58.0621595643822,223.667633831067,36.8492279379239,37.5775797526042,37.3039522806803,38.9453656139157,-0.232703870751656
"1677","2016-09-08",47.810001373291,48,47.4700012207031,38.1662712097168,1151800,0.286651200980565,38.8527853518167,36.8859853238425,54.4913571531642,120.368768180466,21.3065883139717,37.6222232818604,37.3602991739909,38.705045679978,-0.538774470261224
"1678","2016-09-09",47.1300010681152,47.1500015258789,46.4199981689453,37.2984886169434,1182100,0.201739668215332,38.8603335616032,36.828619838055,49.4906981650882,-28.3514208564849,1.41662395115514,37.6286370595296,37.4000564575195,38.1572903691222,-0.858801752178863
"1679","2016-09-12",46.3600006103516,47.0699996948242,46.3300018310547,37.7725715637207,1305800,0.170733093646852,38.8631200717765,36.8435110164803,51.98114934198,-13.0075543471161,0.0843770743214654,37.6434102376302,37.4396074930827,37.2726984348895,0.499873128831197
"1680","2016-09-13",46.4599990844727,46.689998626709,46.1599998474121,37.1860084533691,1419900,0.0977031578327185,38.8802598659347,36.7918199833085,48.8954154094594,-73.9752124693159,2.98378300480713,37.6471378326416,37.4707117080688,37.7519283755823,-0.565919922213112
"1681","2016-09-14",46.3400001525879,46.6300010681152,46.189998626709,37.2020721435547,1460400,0.0406539793283827,38.8933826569325,36.7345035430187,48.9812172336539,-70.6600115517752,2.98378300480712,37.6378439585368,37.4883939107259,37.199341651327,0.00273049222768407
"1682","2016-09-15",46.439998626709,46.9000015258789,46.2900009155273,37.6279449462891,1336800,0.0294667954838062,38.8783957729948,36.7173523654329,51.227030782642,-33.0452901631624,2.16841579567322,37.6638239542643,37.4994839986165,37.1819156298489,0.446029316440196
"1683","2016-09-16",46.0900001525879,46.1500015258789,45.8600006103516,36.9771041870117,1046600,-0.0315528170488406,38.8785969450463,36.6110888764869,47.8939750009643,-133.446629240506,5.85039952919214,37.6614138285319,37.4995937347412,37.6313745575781,-0.654270370566415
"1684","2016-09-19",46.6300010681152,46.7700004577637,46.4099998474121,37.3467102050781,1141400,-0.0495163887651486,38.8618455392219,36.5723989981316,49.8123257507225,-51.2805902186911,5.57253661729787,37.6697165171305,37.4921738306681,36.9882349709622,0.358475234115957
"1685","2016-09-20",46.5,46.5900001525879,46.2999992370605,37.2181434631348,931200,-0.0732821592532886,38.8612451722119,36.5288068602588,49.1610364193991,-79.4002600783185,3.45512588240538,37.6796258290609,37.5244780858358,37.3265403245255,-0.108396861390688
"1686","2016-09-21",46,46.4099998474121,45.8800010681152,37.2342224121094,1404000,-0.0897842893841556,38.8580495926762,36.4894178298092,49.2468887502124,-111.843889985938,4.37288141641921,37.6796258290609,37.5566515604655,37.2297623121597,0.0044600999496609
"1687","2016-09-22",47.4900016784668,47.6699981689453,47.3400001525879,38.126106262207,1235200,-0.0305426962950364,38.9031536383842,36.5077899651315,53.7304638403814,85.1077978982738,16.0080164105639,37.7125693003337,37.5882722218831,37.2298300345036,0.896276227703446
"1688","2016-09-23",47.1199989318848,47.2099990844727,46.9799995422363,37.7805938720703,768200,-0.0113425197683696,38.9114426800897,36.5171782305548,51.8932846367632,19.9209542063228,9.47877772514079,37.7120337168376,37.5999128341675,38.1274928734153,-0.346899001345008
"1689","2016-09-26",46.6100006103516,46.7599983215332,46.4500007629395,37.4832992553711,712500,-0.0198861968158681,38.9113612405306,36.5164551504606,50.3605462327493,-48.4507765400418,0.570749978203378,37.7082838694255,37.5878580729167,37.8084547913949,-0.325155536023821
"1690","2016-09-27",47.0299987792969,47.439998626709,46.9300003051758,38.0055732727051,1289800,0.0153095470147662,38.935316373851,36.5270504932144,52.8893250066221,39.794236877808,10.5527289460325,37.7240856170654,37.5829128265381,37.4738904811264,0.53168279157866
"1691","2016-09-28",47.6399993896484,47.75,47.3699989318848,38.310905456543,1240400,0.0670670755413454,38.9972572945789,36.5534938193127,54.297388631619,87.8572045796392,14.7247243822621,37.7463155110677,37.5859804153442,37.9958717977469,0.315033658796068
"1692","2016-09-29",47.4599990844727,47.5299987792969,46.9199981689453,37.8207702636719,1143800,0.0677544448924934,39.003734127074,36.5960305061047,51.7298852318669,28.6006788500963,6.98188411532382,37.7420303344727,37.5876578013102,38.324608869643,-0.503838605971147
"1693","2016-09-30",47.1599998474121,47.6100006103516,47.1599998474121,38.0859222412109,963500,0.0886725764112697,39.0270152665087,36.6064957045606,52.9743123857034,56.9956579624613,8.1598326501275,37.7436368306478,37.5940200169881,37.8296841082853,0.256238132925589
"1694","2016-10-03",47.5400009155273,47.6399993896484,47.3800010681152,38.2225303649902,1020100,0.114948426348128,38.8506723214035,36.6976675223465,53.6117012996128,70.9541327580555,8.62366375615122,37.7543504079183,37.600000890096,38.072481184107,0.150049180883265
"1695","2016-10-04",48.2999992370605,48.310001373291,47.6599998474121,38.3671417236328,2029400,0.145760913724871,38.7272405383125,36.7672636273369,54.2901673466837,111.290221830346,18.4559736300729,37.777919514974,37.6083919525147,38.2281646991425,0.138977024490295
"1696","2016-10-05",47.189998626709,47.25,46.9000015258789,37.7404289245605,1144200,0.118246474977525,38.5671008378352,36.8301800459539,50.9493860649148,0.998850014313521,4.78439492890287,37.7805981953939,37.6088631312052,38.3702215348229,-0.629792610262356
"1697","2016-10-06",46.5099983215332,46.9000015258789,46.5,37.5716819763184,1152900,0.0818807453301886,38.5102538330375,36.8275681274117,50.090816295895,-40.6559003640856,1.60483019193689,37.7832761128743,37.6024014790853,37.7466860698185,-0.175004093500107
"1698","2016-10-07",46.4500007629395,46.5900001525879,46.0299987792969,37.2824287414551,1189800,0.0293816307703381,38.5109687077393,36.8252472651611,48.6374568102254,-84.5470923633709,8.60449811014964,37.7725630442301,37.5933784484863,37.5569313738907,-0.274502632435663
"1699","2016-10-10",46.3499984741211,46.5400009155273,46.25,37.2101173400879,666500,-0.0178534184186105,38.505401814354,36.7745687361831,48.2752212986034,-76.6501314197134,8.60449811014965,37.7631888071696,37.5835491816203,37.2781421054933,-0.0680247654053687
"1700","2016-10-11",46.3400001525879,46.3600006103516,45.7000007629395,36.8163909912109,1426000,-0.0860658475406666,38.5417874502183,36.701221354103,46.3316138612633,-116.759390669769,16.543306570338,37.7350662231445,37.5641008377075,37.2027890371958,-0.386398045984905
"1701","2016-10-12",45.6699981689453,45.7099990844727,45.1399993896484,36.294116973877,3647400,-0.18019071108413,38.6587631286613,36.4934501586923,43.9059275717634,-171.425433586877,23.7518954070019,37.6973013559977,37.5445871353149,36.8160378065638,-0.521920832686853
"1702","2016-10-13",43.5200004577637,43.9500007629395,43.4099998474121,35.0165557861328,6139400,-0.353795519878858,39.0200268955999,35.871047475738,38.7695753749571,-306.233965287074,40.6740110832885,37.6201653798421,37.5043123245239,36.2854535673686,-1.26889778123575
"1703","2016-10-14",43.25,43.5299987792969,43,34.5505218505859,2717700,-0.522955321971011,39.3577480984038,35.2906680392915,37.1304183085738,-292.687984221314,43.8320369598864,37.5135674794515,37.4595929463704,34.9959229317871,-0.445401081201197
"1704","2016-10-17",42.6800003051758,42.810001373291,42.5400009155273,34.2451972961426,1339800,-0.673884700352424,39.6246926391334,34.7135722076684,36.0960929583287,-289.097045727162,47.2027294804334,37.3525993347168,37.4109811147054,34.5022039636344,-0.257006667491837
"1705","2016-10-18",43.1300010681152,43.1300010681152,42.8400001525879,34.4380302429199,1479500,-0.769071930391483,39.7720623612546,34.2881911635257,37.2383515455789,-229.838157683192,40.9143051501086,37.2036837259928,37.3663806915283,34.2239384104502,0.214091832469684
"1706","2016-10-19",42.6100006103516,42.7000007629395,42.4300003051758,34.1166381835938,959300,-0.860522580534813,39.906436113632,33.8420589882967,36.1250255632855,-214.068356732753,44.1802702023908,37.0504829406738,37.314031346639,34.4280277015685,-0.311389517974717
"1707","2016-10-20",42.5,42.7999992370605,42.439998626709,34.3657188415527,1363900,-0.902495743054544,39.8548518527031,33.5176045071601,37.6202407854221,-175.684412081793,42.1319666169263,36.923797861735,37.2730105717977,34.1212972790482,0.244421562504535
"1708","2016-10-21",42.3899993896484,42.6100006103516,42.3400001525879,34.1809120178223,1342000,-0.939838272357001,39.8188014784912,33.1936866959473,36.9562498952331,-157.588358660717,42.9976222469846,36.8198786417643,37.224257850647,34.3554622579508,-0.174550240128546
"1709","2016-10-24",42.560001373291,42.5999984741211,42.310001373291,34.0925331115723,740900,-0.965435001256566,39.7830897692344,32.8903217908242,36.6363554561113,-139.224040776219,43.2697638456741,36.6972106933594,37.1703104654948,34.1888991184264,-0.0963660068541117
"1710","2016-10-25",42.4000015258789,42.4300003051758,42.2000007629395,33.9961090087891,1148800,-0.982179261428321,39.6398519497975,32.6326131838695,36.2818940249003,-128.039167771684,44.3118884709319,36.5908807118734,37.1190092722575,34.0853974364717,-0.0892884276826607
"1711","2016-10-26",41.7599983215332,41.939998626709,41.6800003051758,33.8462028503418,971700,-0.996063383758923,39.4021162263529,32.4238786466939,35.7259921404212,-128.242009043027,49.0421832595718,36.4790184020996,37.0584311803182,33.9919793367319,-0.145776486390119
"1712","2016-10-27",42,42.0200004577637,41.6599998474121,33.8299942016602,813000,-0.996883105322929,39.1996495211793,32.2272677456664,35.664869876655,-114.795593543874,46.9888007443745,36.3524200439453,37.0081219991048,33.8415545068038,-0.0115603051436324
"1713","2016-10-28",41.8199996948242,41.9500007629395,41.6800003051758,33.8219032287598,1029200,-0.986810279824411,38.8959068548908,32.1046085107098,35.6333888089617,-104.626537771984,46.9888007443745,36.2472466786702,36.9543302536011,33.8240361002709,-0.00213287151110109
"1714","2016-10-31",41.5499992370605,41.7900009155273,41.5099983215332,33.7651710510254,782200,-0.972198407588436,38.5015064916456,32.0532729425585,35.4066916262438,-99.7602137090625,48.7048066599688,36.1278620402018,36.8987892786662,33.8210623347396,-0.0558912837141818
"1715","2016-11-01",42.2400016784668,42.2900009155273,42.0099983215332,34.1541175842285,3371200,-0.91864410153449,37.9760197322014,32.1574572880623,38.1953410331678,-78.1430070273926,34.9686921576577,36.0257278442383,36.8526768366496,33.7645085299041,0.38960905432441
"1716","2016-11-02",42.2299995422363,42.2400016784668,41.9700012207031,34.056884765625,1480400,-0.873973185152508,37.5341295020367,32.2309931023334,37.7736046718844,-74.676953395976,35.4783358580453,35.9198165893555,36.7997212092082,34.154363362295,-0.0974785966699869
"1717","2016-11-03",41.8699989318848,41.9000015258789,41.5699996948242,33.7246589660645,1141400,-0.855517138548635,37.0640036792777,32.3164166240671,36.3547574226739,-80.795432166353,40.4660939412223,35.773101679484,36.7428354899089,34.0712510873003,-0.346592121235894
"1718","2016-11-04",41.5900001525879,41.6599998474121,41.25,33.4491653442383,1555600,-0.853284489092438,36.5937371735955,32.4033567900276,35.2199114479461,-84.5799919587226,44.1576950594168,35.6287207285563,36.6703772226969,33.7195763890622,-0.270411044823931
"1719","2016-11-07",41.5099983215332,41.810001373291,41.439998626709,33.8299942016602,1172100,-0.811431712555006,36.0075560437045,32.6515256060758,37.9880792431252,-72.7518802471342,39.813500096305,35.5069438934326,36.607613881429,33.4344861823409,0.395508019319287
"1720","2016-11-08",41.75,42.1599998474121,41.75,34.0406723022461,1372400,-0.752587760377175,35.3950045730551,32.9865052078287,39.4683667299089,-60.2316969060308,30.0393199823454,35.3747805277507,36.549433072408,33.8213972981953,0.219275004050836
"1721","2016-11-09",40.7400016784668,41.4500007629395,40.7400016784668,33.4653625488281,1688100,-0.743802105691394,34.7878080316537,33.3108263067252,36.9750080329666,-83.3897563468591,42.4499806371299,35.2132624308268,36.4797889709473,34.0556727945423,-0.59031024571415
"1722","2016-11-10",39.810001373291,40.2400016784668,39.4300003051758,32.5173072814941,4090000,-0.804070721144377,34.8057045676548,33.0430049202603,33.380170015687,-121.101505354881,53.810515710418,35.0364803314209,36.3892553329468,33.4700052013134,-0.952697919819272
"1723","2016-11-11",39.75,40.1500015258789,39.7200012207031,32.2904243469238,1726700,-0.860225446309514,34.9079411846108,32.714758552938,32.5956180740028,-119.745718290541,53.810515710418,34.843297068278,36.2934669494629,32.4895348192584,-0.19911047233461
"1724","2016-11-14",39.3899993896484,39.4599990844727,39.060001373291,31.8528652191162,1971200,-0.929323176263324,35.0738148632242,32.309651666622,31.135631025523,-143.005588244938,58.5240739772924,34.6309748967489,36.1926626523336,32.255682107649,-0.40281688853274
"1725","2016-11-15",39.4099998474121,39.7099990844727,39.3600006103516,32.1445732116699,1579700,-0.94959884361586,35.074212666563,32.0799081601582,33.1991414368981,-133.490967050325,52.2337003750056,34.4235559463501,36.100737730662,31.8391615398828,0.305411671787166
"1726","2016-11-16",39.0099983215332,39.2900009155273,38.9599990844727,31.7313194274902,4709400,-0.987628812574592,35.1422801204559,31.773308830655,31.8025610012025,-153.132957068266,55.2694816733267,34.2232522964478,36.0019252459208,32.1312794667965,-0.399960039306301
"1727","2016-11-17",38.939998626709,39.1599998474121,38.9199981689453,31.6908092498779,1965800,-1.00940092421703,35.1256996738732,31.5223983180702,31.6674710488601,-152.890146269079,55.5713268257823,34.0272232055664,35.9052496592204,31.73869534812,-0.0478860982420848
"1728","2016-11-18",38.6599998474121,38.8800010681152,38.5800018310547,31.4234104156494,4143600,-1.03628666314354,35.1282976343524,31.2440501973737,30.7748332330213,-160.626411735353,58.1379870836264,33.8319225947062,35.8022428194682,31.674385488099,-0.250975072449606
"1729","2016-11-21",38.9500007629395,39.1800003051758,38.939998626709,31.7394275665283,5317400,-1.02033210852133,35.0638286278488,31.0732086493729,33.0809745024198,-133.33554808361,49.9663607036571,33.6495662689209,35.7063775380452,31.419295280584,0.320132285944336
"1730","2016-11-22",39.189998626709,39.310001373291,39.0200004577637,31.7556343078613,2038000,-0.9949115395398,34.983847302204,30.9291425049249,33.1990372600246,-117.362036906892,46.4605897364487,33.4808743794759,35.6079703013102,31.7316753551035,0.0239589527578339
"1731","2016-11-23",38.7900009155273,39.189998626709,38.7900009155273,31.6827087402344,1602300,-0.96947454029614,34.9064320013436,30.7902083947746,32.9286139404295,-113.770688439003,48.7274180207067,33.3271607716878,35.5122310638428,31.7683423607824,-0.0856336205480375
"1732","2016-11-25",39.7900009155273,39.9700012207031,39.7400016784668,32.2985382080078,1004200,-0.889371127045862,34.789639651491,30.7538551452619,37.3842158225991,-63.9817254913667,28.9369840161759,33.2365601857503,35.4283627827962,31.6826067297223,0.615931478285535
"1733","2016-11-28",39.5099983215332,39.6199989318848,39.3300018310547,31.9744052886963,1347300,-0.842333516187495,34.6637185121316,30.695026490615,36.0792111634207,-77.2073838392028,33.880597883457,33.1506896336873,35.3321285565694,32.3013864476913,-0.326981158994961
"1734","2016-11-29",39.439998626709,39.5800018310547,39.3600006103516,31.9987258911133,1256000,-0.793941339781576,34.5286039409394,30.653496545816,36.2519401412463,-71.0692354732911,33.880597883457,33.0758072535197,35.2142032941182,31.9961933207558,0.00253257035752696
"1735","2016-11-30",40.7700004577637,40.7799987792969,39.9700012207031,32.3957786560059,3377400,-0.715305752067195,34.296243312872,30.7100232810611,39.0342540228341,-27.045596025734,8.61098932978251,33.0077322006226,35.1057079633077,31.9859699475768,0.409808708429107
"1736","2016-12-01",39.3899993896484,39.4300003051758,38.9900016784668,31.7394275665283,1990600,-0.697903532339701,34.0525708513366,30.7219500226868,36.3232213552666,-77.9993468072182,21.5393178166132,32.9284918467204,34.9894873936971,32.3997523650082,-0.66032479847987
"1737","2016-12-02",39.4000015258789,39.7900009155273,39.2999992370605,32.1445732116699,1285900,-0.643996687273074,33.8518955877313,30.7646167108526,39.0273190590333,-53.7737729482263,15.1430422974381,32.8544536590576,34.8891257603963,31.750640300929,0.393932910740958
"1738","2016-12-05",40.1399993896484,40.2099990844727,39.8899993896484,32.5254058837891,2444900,-0.564043171712534,33.7145594328491,30.8095769196899,41.4452810900266,-23.5001439887563,8.05137240495926,32.7992701212565,34.8095743815104,32.1205950991182,0.404810784670843
"1739","2016-12-06",39.9500007629395,40.2299995422363,39.5699996948242,32.1607894897461,2843300,-0.524059894126225,33.429609617001,30.9276062643466,39.8789514543795,-33.9452324821082,12.4434048444954,32.7348786671956,34.7160446802775,32.5418785023091,-0.381089012562981
"1740","2016-12-07",39.5699996948242,39.9199981689453,39.4900016784668,32.2985382080078,2313000,-0.475773270126027,32.9893492707644,31.1936532011594,40.7540190497685,-36.4015218760854,13.5469596563371,32.6782929738363,34.6345868428548,32.1735274093425,0.125010798665336
"1741","2016-12-08",39.2599983215332,39.3699989318848,39.0800018310547,31.7151107788086,2029200,-0.4790611713711,32.6414389139903,31.3665383809316,38.3108190173267,-68.4842848711558,19.1310810918804,32.6072565714518,34.5431374867757,32.2864718788483,-0.57136110003966
"1742","2016-12-09",39.5400009155273,39.8899993896484,39.5099983215332,32.2985382080078,2481200,-0.429636556383443,32.6002003840177,31.3859000035555,41.9131972567329,-29.479053324159,9.53871080300403,32.5562080383301,34.4543140411377,31.7176509758672,0.580887232140572
"1743","2016-12-12",39.6800003051758,39.9900016784668,39.6699981689453,32.3471450805664,2425800,-0.382139953025103,32.6093818005505,31.382390660387,42.2040757499509,-18.5603859171435,7.75506564907078,32.5070494333903,34.3771480560303,32.27691882911,0.0702262514564325
"1744","2016-12-13",40.5699996948242,40.9599990844727,40.5499992370605,33.0521011352539,1895300,-0.284336832606591,32.8251288175546,31.2865672349966,46.2429228297022,55.4756963870403,7.80993928363101,32.4832804361979,34.3055712381999,32.3688302061689,0.683270929085054
"1745","2016-12-14",40.6800003051758,40.7900009155273,40.2200012207031,32.6226501464844,4019800,-0.238728348959953,32.889297691409,31.2702060546237,44.2923432529922,37.0177240712016,2.42922530155639,32.4322315216064,34.2289796829224,33.055152869625,-0.432502723140672
"1746","2016-12-15",39.6399993896484,39.6800003051758,39.4799995422363,32.0716514587402,2299400,-0.244228966789507,32.8896114875667,31.303925461591,41.9440671901277,-34.7394437513228,8.51569875567007,32.3660570780436,34.1429368336995,32.6518531879474,-0.580201729207168
"1747","2016-12-16",39.7900009155273,39.9199981689453,39.5900001525879,32.1688919067383,2084600,-0.237998258789567,32.8904738054648,31.3508714093789,42.500616090364,-14.0204320268609,4.63935498151732,32.3141981760661,34.0436499277751,32.0543201020616,0.114571804676658
"1748","2016-12-19",40.1599998474121,40.3400001525879,39.9900016784668,32.5092163085938,1554000,-0.20325603375511,32.8888350523803,31.4610907517579,44.4293469003056,40.3671837281077,1.91514165479564,32.2828665415446,33.9557936350505,32.1479625138029,0.361253794790841
"1749","2016-12-20",40.2299995422363,40.4500007629395,40.1300010681152,32.711784362793,1475900,-0.157560758720713,32.9449648265168,31.5021966572478,45.553890764277,72.3599133939239,3.60559644634184,32.245592880249,33.8762683868408,32.5135956616884,0.198188701104563
"1750","2016-12-21",40.310001373291,40.5099983215332,40.1800003051758,32.5902481079102,1131500,-0.129659252929763,32.9690635295149,31.5615593342547,44.9888318047219,89.8911547725542,4.56458481191317,32.1972454071045,33.7860129674276,32.724490271973,-0.134242164062861
"1751","2016-12-22",40.4900016784668,40.5800018310547,40.310001373291,32.7928085327148,1625300,-0.0901628341298704,33.0059563670238,31.6356764759938,46.1406953611188,121.511331516998,5.73426013898473,32.1748269399007,33.6940446853638,32.5973276544387,0.195480878276115
"1752","2016-12-23",40.560001373291,40.5999984741211,40.4000015258789,32.7928085327148,802100,-0.0581908497809067,33.0622174369949,31.6288424384934,46.1406953611188,119.610002314262,6.08573019075176,32.1840103149414,33.6102453231812,32.788652649179,0.00415588353582308
"1753","2016-12-27",40.5,40.6100006103516,40.4099998474121,32.8333358764648,693800,-0.0292454802079973,33.114406383426,31.6625465508392,46.3810808680208,114.843935338195,6.27258335574435,32.2021073659261,33.5227022171021,32.8002113955965,0.0331244808683806
"1754","2016-12-28",40.25,40.439998626709,40.2200012207031,32.6307563781738,842900,-0.0223943901759895,33.1294065951613,31.7107493878099,45.3347963122238,79.2469194673154,2.14580814083948,32.228037071228,33.4295059839884,32.8334076867015,-0.202651308527706
"1755","2016-12-29",40.4599990844727,40.6300010681152,40.4500007629395,32.8333358764648,982600,-0.00061133242198963,33.1747324579008,31.7091792471163,46.5813896239772,102.798316870169,6.04592493321567,32.2509958267212,33.3372758865356,32.6317877889909,0.201548087473959
"1756","2016-12-30",40.7799987792969,40.8600006103516,40.6199989318848,32.979190826416,1126900,0.0280972852722314,33.1950593849954,31.8128286460104,47.4735457160546,121.05598273128,10.6538510009593,32.2925915400187,33.2579219182332,32.826309237234,0.152881589182044
"1757","2017-01-03",40.3499984741211,40.5800018310547,40.189998626709,32.849536895752,2536900,0.0399268313298577,33.2250233175862,31.8533610818279,46.7554729015678,73.8696892192631,0.776206841197467,32.3312157948812,33.1792195002238,32.9870718957103,-0.137534999958319
"1758","2017-01-04",40.7299995422363,40.9099998474121,40.6500015258789,33.1412391662598,1566700,0.0720096843633229,33.3066246727567,31.8333430549044,48.5661589390114,120.277618385609,7.54663055180248,32.3884767532349,33.1101996739705,32.8545861639575,0.28665300230228
"1759","2017-01-05",40.9599990844727,41.3699989318848,40.9300003051758,33.4005355834961,1649800,0.117009814076617,33.4297399110205,31.8342024260156,50.1257979941457,159.122050555702,16.0791846782944,32.4438470204671,33.046706644694,33.1368252821859,0.263710301310191
"1760","2017-01-06",40.9000015258789,41,40.8499984741211,33.1736488342285,1350600,0.132833652923793,33.4922678406897,31.8591855589685,48.7866996991284,118.306258724075,14.1211113295682,32.491114171346,32.985994275411,33.4117953420106,-0.238146507782069
"1761","2017-01-09",40.9599990844727,41.25,40.9599990844727,33.376220703125,1102900,0.15987705292487,33.4981926164849,32.019371775605,50.0199219343246,139.765771227048,18.7020849678946,32.5475645701091,32.9373626708984,33.1826926103333,0.193528092791659
"1762","2017-01-10",41.060001373291,41.060001373291,40.8499984741211,33.1250305175781,1132100,0.159204977692063,33.5234202013338,32.0767934217131,48.5211469700137,103.64886089704,15.7968131825689,32.5751143137614,32.9058372497559,33.3677143830919,-0.242683865513754
"1763","2017-01-11",41.0400009155273,41.2599983215332,40.7900009155273,33.343822479248,1581600,0.174317611102232,33.5791651924337,32.1207161704813,49.8744787320503,115.932437216627,19.6203602815397,32.6207615534464,32.8857255935669,33.1322134909312,0.211608988316854
"1764","2017-01-12",41.4599990844727,41.6100006103516,41.3699989318848,33.6841430664062,1866300,0.211319548947863,33.6973021284983,32.065783427532,51.9088072065626,169.60052316512,25.9137782336001,32.6769421259562,32.876374689738,33.3347542907572,0.349388775649061
"1765","2017-01-13",41.439998626709,41.6100006103516,41.2200012207031,33.5950088500977,1272300,0.230791049389794,33.7953573904354,32.0649640359562,51.3442171851226,142.142058892089,21.5537788506669,32.7169164657593,32.8623243331909,33.6924207191012,-0.0974118690034942
"1766","2017-01-17",41.4700012207031,41.7299995422363,41.4199981689453,33.7165565490723,1963200,0.253112513763753,33.8461394555904,32.1786724798345,52.0794743577971,154.724194157493,23.8099289766246,32.7828207651774,32.8556563059489,33.6070208004678,0.1095357486045
"1767","2017-01-18",41.5999984741211,41.7599983215332,41.5400009155273,33.7246589660645,1720400,0.268362714115781,33.8818012895185,32.2985873518389,52.1293588040813,149.322759283484,24.3910400206851,32.8354902903239,32.8449719746908,33.7134780627827,0.0111809032817121
"1768","2017-01-19",41.4599990844727,41.6199989318848,41.3699989318848,33.6760368347168,2388400,0.273373923695871,33.9318011230813,32.3652695708885,51.7946469309423,120.381984114321,18.8975570295301,32.8738446553548,32.8365573883057,33.7289797550132,-0.0529429202963883
"1769","2017-01-20",41.6699981689453,41.9799995422363,41.6699981689453,33.9920616149902,1524600,0.299394666679909,34.0527220879849,32.3723763312046,53.7896272231117,149.089524029386,26.268525422817,32.9348870595296,32.8348828633626,33.6762926208867,0.315768994103564
"1770","2017-01-23",42.0499992370605,42.3800010681152,42.0099983215332,34.283763885498,1405300,0.339639080435219,34.2114197431057,32.3830302538425,55.5463090009064,175.88047841307,33.4521965946023,33.0010612487793,32.8396771113078,33.9907003196273,0.293063565870703
"1771","2017-01-24",42.1800003051758,42.4599990844727,42.1599998474121,34.3242874145508,1874100,0.370531719393746,34.3635327722919,32.3840651128399,55.7878472938233,173.220915817786,34.8100578202632,33.088033803304,32.8476451873779,34.2955845410741,0.0287028734767176
"1772","2017-01-25",42.4300003051758,42.6199989318848,42.3400001525879,34.5025367736816,1699000,0.404732092304528,34.5297808333283,32.3887898759002,56.8545829501212,175.687177478501,37.535031029048,33.1615004221598,32.858854230245,34.3346899891613,0.1678467845203
"1773","2017-01-26",40.4900016784668,40.5800018310547,40.310001373291,32.8252220153809,3252300,0.293112038027679,34.5303796416152,32.3873796815049,46.0409973725565,-52.6757533717663,12.2258585236408,33.177436319987,32.8422428766886,34.5045470031887,-1.67932498780782
"1774","2017-01-27",40.8800010681152,41.1100006103516,40.8300018310547,33.2789878845215,3478000,0.238517967536772,34.494349262081,32.4882332116739,48.768003054305,7.09787858469084,1.93307756100628,33.1849992116292,32.8341398239136,32.8295642772266,0.449423607294861
"1775","2017-01-30",40.5900001525879,40.9199981689453,40.5099983215332,33.1412391662598,3793600,0.182038180167901,34.4761123447074,32.537260458027,48.0061037355825,-20.7339890764596,7.41370246227616,33.2022855122884,32.8172585169474,33.217246839549,-0.0760076732892259
"1776","2017-01-31",40.9000015258789,41.1500015258789,40.8899993896484,33.311408996582,3173300,0.149287926612089,34.4656739102906,32.5809207094604,49.0238692629022,6.14322279036016,2.99136893740304,33.2436107635498,32.8048339207967,33.1601239905261,0.151285006055957
"1777","2017-02-01",41,41.2799987792969,40.8199996948242,33.311408996582,3433200,0.121927609135462,34.4406565225339,32.6521253073,49.0238692629022,3.54111051360687,0.49168200462993,33.2816946665446,32.7979464213053,33.3051775926325,0.00623140394948507
"1778","2017-02-02",41.25,41.4000015258789,41.1500015258789,33.351921081543,4913300,0.10233370781436,34.4359290372299,32.6779209841324,49.2768283687587,22.8233957947673,1.85879961943174,33.3097848256429,32.7963256835938,33.317739945893,0.0341811356499377
"1779","2017-02-03",41.4900016784668,41.5200004577637,41.2700004577637,33.522087097168,2762100,0.0993906614979423,34.4391299097879,32.6868752629416,50.3474511711447,38.9098957183281,4.25268439017147,33.3367949167887,32.7911938985189,33.3516281212976,0.170458975870332
"1780","2017-02-06",41.1199989318848,41.2099990844727,41.060001373291,33.3357200622559,1249300,0.0810853128924052,34.4349827605256,32.7072295350066,49.1715693424463,-0.596232571476487,0.296825158870929,33.3616439819336,32.779444694519,33.5230888524237,-0.187368790167824
"1781","2017-02-07",41.5699996948242,41.7599983215332,41.4900016784668,33.7732849121094,2444900,0.100724924510082,34.4542280822199,32.7276906342107,51.9000887858474,68.6382541414288,10.6229059960646,33.3943265279134,32.7845767339071,33.3423417747425,0.43094313736686
"1782","2017-02-08",41.9199981689453,42.0200004577637,41.7299995422363,34.3239593505859,1937100,0.158892667456421,34.5439413108834,32.757870288848,55.0420620330364,113.805863279485,15.2838053489012,33.4453648885091,32.8146876017253,33.7647865553625,0.559172795223468
"1783","2017-02-09",42.0099983215332,42.25,41.9700012207031,34.3811569213867,1384600,0.207217711965939,34.6401088836798,32.7654361602655,55.3554143630498,128.601416800611,19.2650496571319,33.4969589233398,32.849533144633,34.3385400207063,0.0426169006803718
"1784","2017-02-10",41.6100006103516,41.9099998474121,41.560001373291,34.127872467041,1033300,0.222512730970422,34.6812528830541,32.7686651009547,53.6426753829991,72.863262772782,9.46251822329068,33.5468627929688,32.8874499320984,34.3994376698443,-0.271565202803281
"1785","2017-02-13",41.8600006103516,41.9199981689453,41.7099990844727,34.1769027709961,1074800,0.235871499668697,34.7289276763445,32.7791796997542,53.9281359780672,78.164933646233,9.65608510605113,33.5916483561198,32.9213220914205,34.129416452287,0.0474863187091259
"1786","2017-02-14",41.7400016784668,41.7900009155273,41.4599990844727,34.0461654663086,1039400,0.233220590443906,34.7538467731335,32.7872214946887,53.0274227901451,47.7906972420932,3.72850580323346,33.6272141774495,32.9599028587341,34.1677149837568,-0.121549517448194
"1787","2017-02-15",41.5400009155273,42.2900009155273,41.5400009155273,34.4546966552734,1838500,0.261075265351096,34.8363044216958,32.7777676150474,55.4336000254606,94.4512342983622,13.7018295360423,33.6807195027669,33.0059676488241,34.0482567793257,0.406439875947726
"1788","2017-02-16",42.2099990844727,42.6199989318848,42.1500015258789,34.7814979553223,1787100,0.305993131275422,34.9771309327108,32.7474872160929,57.2459509361132,150.526486340208,19.5796104885654,33.7353947957357,33.0619357744853,34.4495745151547,0.331923440167557
"1789","2017-02-17",47.2700004577637,48.8199996948242,46.0699996948242,39.6510734558105,37033800,0.726154255542546,36.9660534526641,31.3244658802216,73.7197744722704,605.303852081629,66.037323482442,33.9437460581462,33.1937965393066,34.7962188694886,4.85485458632191
"1790","2017-02-21",44.4900016784668,45,44.3300018310547,36.6606979370117,10931400,0.808516584958276,37.3014502233862,31.2267625146509,59.2231592690772,252.131704368329,41.5124405271442,34.0599810282389,33.2755475997925,39.72284628755,-3.06214835053829
"1791","2017-02-22",46.2400016784668,47.9599990844727,46,38.343807220459,11407700,0.998096739334393,38.0088963716431,30.9212683469848,63.4123226405567,334.519223483924,53.8960199904369,34.2255672454834,33.3865659077962,37.122184182509,1.22162303795003
"1792","2017-02-23",47.0499992370605,47.4000015258789,46.8600006103516,38.3193092346191,2347900,1.13329962221923,38.5970324660775,30.7148094986441,63.3143832439502,266.987391385384,53.8960199904369,34.3987098693848,33.4869120915731,37.9111553167043,0.408153917914831
"1793","2017-02-24",47.2200012207031,47.2799987792969,46.9199981689453,38.4990425109863,1473800,1.24065040866576,39.1345267513701,30.7446972629121,63.7394329532312,217.078900711718,53.8960199904368,34.5705505371094,33.5956560452779,38.4465040419785,0.0525384690077786
"1794","2017-02-27",47.4700012207031,47.8300018310547,47.3800010681152,38.948429107666,2569000,1.34646718742692,39.7021120410576,30.744056095539,64.7944746144159,195.92818139401,56.0100018187236,34.7460267384847,33.7114844322205,38.4780930366409,0.470336071025095
"1795","2017-02-28",47.5200004577637,47.7700004577637,47.4500007629395,38.7931900024414,2446100,1.40164396937371,40.1420909690094,30.8692722512055,64.1276910387962,163.398535320368,56.0100018187236,34.9192994435628,33.8181079546611,38.9175874700446,-0.124397467603181
"1796","2017-03-01",47.5200004577637,47.7700004577637,47.5,38.8585433959961,1549800,1.43411386731503,40.5291325831686,31.0369440769877,64.2877406111147,142.319563114995,56.0100018187236,35.090699005127,33.9367598851522,38.8417268900296,0.0168165059664815
"1797","2017-03-02",47.0499992370605,47.4700012207031,47.0200004577637,38.6297721862793,1980200,1.4249605128778,40.8079124424288,31.2900005366972,63.2655799520068,116.2547451575,48.7396344981602,35.2542027791341,34.044846534729,38.8411154736943,-0.211343287415026
"1798","2017-03-03",47.2900009155273,47.6800003051758,47.060001373291,38.9157409667969,1730500,1.42436253946681,41.0727391673562,31.5815558002952,64.0056383419609,108.969191100526,49.8329924840437,35.4288595835368,34.1513521194458,38.6569985127693,0.258742454027583
"1799","2017-03-06",47.4900016784668,47.6399993896484,47.4000015258789,38.8830680847168,1346900,1.40505560629264,41.2788838461311,31.9115092202752,63.8535940136854,100.849262185735,49.8329924840437,35.5918931325277,34.2633900960286,38.8705513785419,0.0125167061749067
"1800","2017-03-07",47.7000007629395,47.8600006103516,47.5699996948242,38.9811019897461,1101500,1.38173743048853,41.4121331132993,32.342798145856,64.118162903585,95.9027336611234,51.0820544191363,35.7484710693359,34.3747661590576,38.9073918677013,0.0737101220448224
"1801","2017-03-08",47.4599990844727,47.7099990844727,47.4000015258789,38.8585433959961,2154500,1.33794515500965,41.5007819774525,32.7626751300914,63.5169147288015,84.7086331496352,48.0375231645208,35.8996129353841,34.4938233693441,38.9690445318859,-0.110501135889834
"1802","2017-03-09",48.2200012207031,48.75,48.1399993896484,39.7246131896973,2866000,1.35747591810623,41.7072561896455,33.0962663018095,65.8573786032992,98.146978391869,54.0879672342534,36.0736821492513,34.6175912857056,38.8779478237658,0.846665365931472
"1803","2017-03-10",48.9799995422363,49.2700004577637,48.8899993896484,40.1494789123535,1746700,1.39120040931282,41.9157719616503,33.4645827289015,66.9338826003371,103.851469902896,56.7778740280512,36.3178240458171,34.747630182902,39.6296976212702,0.519781291083362
"1804","2017-03-13",48.8800010681152,49.0400009155273,48.689998626709,39.8553428649902,1012300,1.37830475153044,41.9547034824059,33.9983982479407,65.4558398407449,91.8701779247059,53.0902232302418,36.5370358784993,34.8610175450643,40.1735178252262,-0.318174960236
"1805","2017-03-14",48.9799995422363,49.3400001525879,48.9199981689453,40.0024108886719,1293400,1.3642260614074,41.9137908065616,34.6218617355527,65.8459404007677,91.241131471978,54.7951368135261,36.7657416025798,34.9840135574341,39.9153375421062,0.0870733465656315
"1806","2017-03-15",48.939998626709,49.8199996948242,48.7999992370605,40.5743446350098,1938800,1.38327335732762,41.7899156519641,35.3985548070202,67.3301649147733,93.1331016769241,57.4406983428387,37.007839457194,35.1257251103719,39.9669885221665,0.607356112843277
"1807","2017-03-16",49.9700012207031,50.1100006103516,49.8199996948242,40.8603057861328,1465900,1.405244369237,41.6078399171303,36.22119145494,68.0483479749904,100.753632318748,58.9907176866448,37.259469350179,35.2705820083618,40.5292362755835,0.331069510549277
"1808","2017-03-17",50.1699981689453,50.2200012207031,49.9000015258789,40.7867698669434,1471400,1.40057783094876,41.2188180371237,37.2107405261087,67.6527179805918,97.5701979522121,59.5875024656652,37.5072976430257,35.4085412343343,40.874433787301,-0.0876639203576204
"1809","2017-03-20",50.3300018310547,50.4099998474121,50.1399993896484,41.0155448913574,1152800,1.39921056978218,41.4368795978687,37.1291261089185,68.246860504496,99.807980837948,60.6449411593359,37.7570795694987,35.5469372431437,40.8150857797897,0.200459111567689
"1810","2017-03-21",50.5099983215332,50.5699996948242,50.0200004577637,40.8848190307617,2054400,1.37176566039011,41.3767212794793,37.6116965366828,67.513830507892,97.2002825905957,61.5505943882065,38.0087162017822,35.6851800918579,40.9887351299207,-0.103916099158951
"1811","2017-03-22",50.2299995422363,50.2900009155273,50,40.9746971130371,1494200,1.3418003429523,41.5372500957702,37.7142567096497,67.7601212085021,94.2942963186048,61.0553488292144,38.2487632751465,35.8215449015299,40.9139413079122,0.06075580512492
"1812","2017-03-23",49.9700012207031,50.3499984741211,49.939998626709,40.8603057861328,1751500,1.29390683634112,41.6362565639449,37.8693498966264,67.0904329875901,92.9784058920228,59.4874304847261,38.4666414896647,35.9560031890869,40.9569240299557,-0.09661824382286
"1813","2017-03-24",50.3899993896484,50.4199981689453,50.0400009155273,40.9910316467285,1034700,1.25206633045291,41.7412372382765,38.013568135869,67.4705063715563,95.3376530566473,59.9733852020962,38.6869706471761,36.091964785258,40.8777090540914,0.113322592637154
"1814","2017-03-27",50.560001373291,50.6100006103516,50.2299995422363,41.097240447998,1932900,1.21348924211808,41.8708063114752,38.0988801967035,67.7832220440866,100.399588482584,61.3196279791333,38.919282913208,36.2330728530884,40.9702016429414,0.127038805056642
"1815","2017-03-28",50.0200004577637,50.2400016784668,50.0099983215332,40.9992065429688,1404000,1.16161572188626,41.9453582403543,38.2449299218771,67.1666763695594,86.7293987554797,54.8723268782843,39.1466930389404,36.3691706975301,41.0964763378886,-0.0972697949198889
"1816","2017-03-29",49.8699989318848,50.1399993896484,49.8499984741211,40.9011573791504,1329300,1.09991470325889,41.9845103200437,38.4100392405032,66.5404667456258,77.2294473584767,50.205363888378,39.3751927693685,36.501203473409,41.0166181639104,-0.115460784759968
"1817","2017-03-30",49.7700004577637,49.8899993896484,49.6199989318848,40.5498352050781,1293000,1.01101310835978,41.9255449388853,38.6610109235415,64.3177622423033,60.6906007036459,43.5578598802175,39.578364054362,36.6295417785645,40.9036207052592,-0.353785500181054
"1818","2017-03-31",49.2999992370605,49.5699996948242,49.0900001525879,40.3128814697266,2954600,0.91093705246081,41.8612446534697,38.86502525925,62.8528812885844,36.8764201448265,29.4463182198563,39.7627435048421,36.7490691502889,40.5764327763941,-0.263551306667509
"1819","2017-04-03",49.2299995422363,49.3300018310547,48.9199981689453,40.2148361206055,3082500,0.814327555715941,41.7598040404565,39.0996426758521,62.2460473247047,25.0756438940427,25.2256275986101,39.7815355936686,36.8626408259074,40.3097549421359,-0.094918821530463
"1820","2017-04-04",48.9099998474121,49.2200012207031,48.9099998474121,40.2148361206055,2238300,0.729356268457536,41.6407679735343,39.3420521558603,62.2460473247047,16.807952297943,24.9694539257714,39.9000068664551,36.979993947347,40.2061024120741,0.00873370853132371
"1821","2017-04-05",49.189998626709,49.4199981689453,49.1100006103516,40.1249618530273,1233100,0.647302113010021,41.4328512360036,39.6766107390941,61.6620411142946,20.1946645014919,28.1139139796461,39.9593786875407,37.092472966512,40.207161928369,-0.0822000753416248
"1822","2017-04-06",49.7700004577637,49.7700004577637,49.5200004577637,40.4844627380371,1811600,0.604316140303929,41.3807490540265,39.8046978759052,63.0948253938989,43.4356107351273,33.3400886196617,40.031550470988,37.2151301701864,40.1333900317159,0.351072706321176
"1823","2017-04-07",49.75,50.2900009155273,49.7400016784668,40.9583549499512,1476100,0.601554245370039,41.408332062907,39.8580024707844,64.8844194856158,71.3135810538103,40.2400383622579,40.1135275522868,37.3420390446981,40.4435195195895,0.514835430361693
"1824","2017-04-10",50,50.439998626709,49.9799995422363,41.0645599365234,1000400,0.60100724119831,41.3988209987077,39.988435242137,65.274811102755,80.5237692052002,42.088418210576,40.184065246582,37.4650459925334,40.9400055196402,0.124554416883193
"1825","2017-04-11",50.4500007629395,50.5699996948242,50.2599983215332,41.2034568786621,1913800,0.6048096892549,41.4141713468736,40.0931894929701,65.7893672502366,91.1812693353814,43.7016709252813,40.2644074757894,37.5918534596761,41.0908407483081,0.112616130353985
"1826","2017-04-12",50.4599990844727,50.8499984741211,50.439998626709,41.5057601928711,1325900,0.625011761210445,41.5347062655301,40.0657961300998,66.8938779973981,107.953790834016,47.0948577865339,40.3526480356852,37.7216735204061,41.1990501868654,0.306710006005709
"1827","2017-04-13",50.5699996948242,50.6500015258789,50.3800010681152,41.178955078125,762100,0.607647030526806,41.5697015003844,40.0626658244447,64.5627814321191,87.358077134394,45.0917872706318,40.4376207987467,37.8459117889404,41.4886841175463,-0.309729039421278
"1828","2017-04-17",50.5299987792969,50.7000007629395,50.5299987792969,41.3832168579102,749500,0.603411819056362,41.6407085250472,40.0513034988786,65.3436505163161,97.2672990818111,45.7498887629391,40.5198699951172,37.974364789327,41.2334610536598,0.149755804250347
"1829","2017-04-18",50.6500015258789,50.75,50.4199981689453,41.3750381469727,1437800,0.592564712683576,41.6904560316077,40.0375053178796,65.2840641655654,92.8237539545131,41.7542423743051,40.602935663859,38.0974143981934,41.3390566816875,0.0359814652851753
"1830","2017-04-19",50.5200004577637,50.6500015258789,50.1500015258789,41.0237045288086,1523800,0.549286779886302,41.7004657499547,40.0413841493373,62.7415873379703,63.7558830743291,32.2421577163895,40.6710224151611,38.2097467422485,41.3911861610895,-0.367481632280864
"1831","2017-04-20",51.0999984741211,51.1199989318848,50.4300003051758,41.2116317749023,1425300,0.524111236444227,41.725219343362,40.0403240221165,63.5275608797961,102.455622117572,39.7635740636822,40.749458694458,38.3245358149211,41.0564060044233,0.155225770479092
"1832","2017-04-21",50.2099990844727,50.3400001525879,50.0800018310547,40.9338302612305,1294100,0.476253225688772,41.7291244391443,40.043771373844,61.5422653195322,33.9439028758359,28.4162266270012,40.7897659301758,38.4317240397135,41.1665680623767,-0.232737801146229
"1833","2017-04-24",51.439998626709,51.5200004577637,51.189998626709,41.9878234863281,2324600,0.517409477660941,41.9123594834473,39.9602155135009,65.7439783116873,199.164062376414,44.6204852230884,40.8510440826416,38.5844340642293,40.9740028005077,1.0138206858204
"1834","2017-04-25",51.5400009155273,51.5800018310547,51.3499984741211,42.069522857666,906200,0.550275328883629,42.0838440141185,39.8859592237966,66.04148418077,206.711646088246,45.293609732195,40.9248500823975,38.7309429804484,41.8648492588109,0.204673598855159
"1835","2017-04-26",51.4900016784668,51.5099983215332,51.1800003051758,41.8489303588867,1457800,0.552156861091277,42.1923764337634,39.8623991857434,64.4773954706701,172.090614270646,40.1349203605782,40.9864007314046,38.8760711669922,42.1447802721269,-0.29584991324019
"1836","2017-04-27",51.2799987792969,51.310001373291,51.0699996948242,41.7999000549316,730700,0.543427360812068,42.2851638901399,39.859485996945,64.1281823209325,140.986329746883,36.7758671147895,41.0272525787354,39.0175460179647,41.8781020528226,-0.0782019978909858
"1837","2017-04-28",51.2200012207031,51.4099998474121,51.1699981689453,41.946964263916,977800,0.542126722155452,42.3887807207863,39.8955820721825,64.721058916472,142.640165674796,38.2150474255948,41.0634745279948,39.1614719390869,41.787589410929,0.159374852987014
"1838","2017-05-01",51.2900009155273,51.3899993896484,51.1800003051758,41.8407669067383,761600,0.526458036912821,42.4381621866269,39.9989891500431,63.9317311833582,124.157578692149,38.2150474255948,41.0986077626546,39.3029527028402,41.928946962073,-0.0881800553346892
"1839","2017-05-02",51.939998626709,52.0200004577637,51.7299995422363,42.322811126709,1590600,0.546636149647298,42.542668585675,40.1052802516052,65.8853894233401,177.417297387384,46.9143557570436,41.142183303833,39.4496314366659,41.8621166155269,0.460694511182119
"1840","2017-05-03",51.2900009155273,51.5800018310547,51.1800003051758,42.3252754211426,989300,0.556412322432294,42.6086568099664,40.2503359573676,65.895158832523,122.326211322731,29.852133563454,41.1901985168457,39.599457359314,42.2686007745981,0.0566746465444794
"1841","2017-05-04",51.5400009155273,51.8300018310547,51.5,42.6216125488281,1324000,0.58137026488626,42.6793701202083,40.4292877167057,67.0683221320068,141.128666022806,33.5991583015751,41.2450956980387,39.7469294865926,42.3623635954697,0.259248953358394
"1842","2017-05-05",51.7200012207031,51.7700004577637,51.5800018310547,42.5639953613281,850000,0.589702663362885,42.7509362704116,40.5656748288315,66.6074773572902,126.67521920339,33.5991583015751,41.3018853505452,39.884263420105,42.594445801851,-0.0304504405228343
"1843","2017-05-08",52.2799987792969,52.439998626709,52.1599998474121,43.008472442627,2436200,0.624967498701878,42.9567360563963,40.5648867921144,68.3433685518905,166.735783581562,42.9340659008188,41.3691333770752,40.0280520121256,42.5928107362643,0.415661706362656
"1844","2017-05-09",52.5999984741211,52.6100006103516,52.0900001525879,42.950855255127,2427400,0.640878263583403,43.1156317179418,40.5946206624293,67.8702406076233,150.076244596226,45.0301330605812,41.4309205373128,40.1751017252604,42.9617165247668,-0.0108612696398325
"1845","2017-05-10",52.5400009155273,52.7200012207031,52.5,43.3624229431152,1616300,0.678872117007217,43.3518540611986,40.5742949256178,69.4338745281241,158.495233535692,46.3920856084735,41.5096944173177,40.3281937281291,42.9915529037938,0.370870039321424
"1846","2017-05-11",52.75,52.8499984741211,52.5200004577637,43.469425201416,1166500,0.709438739388816,43.58500128769,40.5375141999809,69.8287820279176,149.242580300121,48.0190726414661,41.5953033447266,40.4852480570475,43.3193413126352,0.15008388878082
"1847","2017-05-12",52.560001373291,52.810001373291,52.560001373291,43.4365158081055,892100,0.722676925100188,43.7560447581721,40.5922268024969,69.5429189307342,136.292777226399,48.0190726414661,41.6915260314941,40.6349450429281,43.4922158619515,-0.0557000538459818
"1848","2017-05-15",53.0200004577637,53.189998626709,52.9300003051758,43.7739868164062,881500,0.751733852743051,43.9816972647156,40.605651291803,70.8105402495659,153.033502320758,52.8035868366804,41.8068962097168,40.7848198572795,43.4488689388126,0.325117877593641
"1849","2017-05-16",53.689998626709,53.7299995422363,53.4500007629395,44.0373916625977,1044200,0.786944836743544,44.2260318096728,40.6275520984083,71.7595769389294,174.987855092909,58.5931260871171,41.9343147277832,40.8579251607259,43.739482828006,0.297908834591681
"1850","2017-05-17",53.8499984741211,54.0200004577637,53.5400009155273,44.078540802002,1548300,0.80884631012384,44.3958355613718,40.7632319740286,71.9071858052854,171.204921328612,61.317215189432,42.0631048838298,40.9815558751424,44.0392584748609,0.0392823271410379
"1851","2017-05-18",53.2599983215332,53.3300018310547,53.0099983215332,43.8151359558105,947100,0.795775609969212,44.4859657256961,40.9334522277951,69.5015921965458,123.749145557818,42.9450512610163,42.1861106872559,41.0727446873983,44.0964123718529,-0.281276416042395
"1852","2017-05-19",53.7700004577637,54.0499992370605,53.7099990844727,44.3419380187988,929800,0.818490461197911,44.5917669788234,41.1684617504246,71.4758745750548,155.746287080074,51.0419761041866,42.3146931966146,41.1731218338013,43.843609241488,0.498328777310782
"1853","2017-05-22",54.3800010681152,54.6599998474121,54.2999992370605,44.844051361084,1030400,0.867014096032911,44.8906177380101,41.1552337787135,73.1872711920582,176.127631657459,56.6177129214275,42.444216410319,41.2788719813029,44.270825674425,0.573225686658944
"1854","2017-05-23",54.6300010681152,54.6599998474121,54.1100006103516,44.6135749816895,1747500,0.876765106210819,45.0895735441321,41.2106831849938,71.1599530690911,149.069360758491,50.8958230741888,42.5625169118245,41.3732910792033,44.8381932074723,-0.224618225782862
"1855","2017-05-24",54.7099990844727,54.7299995422363,54.2999992370605,44.9510536193848,1686100,0.901334534215238,45.3018597439253,41.3086093112504,72.3213338290841,145.855388223216,51.5923248394102,42.687436803182,41.4759221394857,44.6755274203245,0.275526199060224
"1856","2017-05-25",55.2700004577637,55.4500007629395,55.1399993896484,45.5848770141602,1321000,0.96087387785645,45.6046277293975,41.3843390217011,74.3297512340686,170.542705036277,58.1232868131197,42.8234073638916,41.5880276997884,44.9015402056983,0.683336808461895
"1857","2017-05-26",54.9099998474121,55.1800003051758,54.9099998474121,45.3790893554688,750200,0.980155272575971,45.804378116318,41.5278011439359,72.5613194669948,143.893617497315,51.1593414439387,42.9634118398031,41.7005163192749,45.5521067409368,-0.173017385468071
"1858","2017-05-30",54.9500007629395,55.4199981689453,54.9500007629395,45.5190200805664,1245000,0.995254482719261,45.9597984739085,41.7402061037282,73.0129650990078,138.353002658918,53.4462976499419,43.1012719472249,41.8105709711711,45.4497307682651,0.069289312301315
"1859","2017-05-31",55.9599990844727,56.0699996948242,55.5400009155273,45.7824096679688,1878000,1.01675355196654,46.1724905590531,41.8734738727096,73.8510679572655,151.2699633468,59.0039237472669,43.2481843312581,41.9255599975586,45.4911503216183,0.291259346350429
"1860","2017-06-01",56.0999984741211,56.0999984741211,55.5699996948242,46.161060333252,1552600,1.05221636810063,46.4104773874376,42.0190655355361,75.0054532773088,144.930280450391,59.2439617274777,43.4194295247396,42.0452259699504,45.7681834945364,0.39287683871553
"1861","2017-06-02",56.2000007629395,56.4300003051758,56.0699996948242,46.4326934814453,1288700,1.08967829720002,46.6789799886423,42.131671027593,75.7983367271649,148.807732834001,61.8693206006659,43.5934649149577,42.1714618047078,46.1470412555544,0.285652225890871
"1862","2017-06-05",56.1500015258789,56.4500007629395,56.1100006103516,46.4573860168457,799900,1.10858060006253,46.876542676056,42.3234474057311,75.8703183865004,138.411453987859,62.0277916208569,43.7775834401449,42.2836746851603,46.4387233672676,0.0186626495780828
"1863","2017-06-06",56.1800003051758,56.4000015258789,56.1399993896484,46.3256950378418,963700,1.10025143617316,47.0375388951372,42.4941734461714,74.645438477423,124.634380232633,62.0277916208569,43.9221791585286,42.3866116205851,46.4787624590032,-0.153067421161374
"1864","2017-06-07",56.4199981689453,56.4799995422363,56.1399993896484,46.2927627563477,1532000,1.07856018347771,47.1330173109584,42.7328857804723,74.3349797438225,116.076661288294,62.7356326577247,44.062953821818,42.4939019521077,46.3409998855652,-0.0482371292175614
"1865","2017-06-08",55.560001373291,55.6399993896484,55.0699996948242,45.5354881286621,1717300,0.988864956126271,47.1267277543549,42.9564818556304,67.6426677499256,70.7893982672447,28.4898662411527,44.1858390808105,42.5861199061076,46.2853656985134,-0.749877569851336
"1866","2017-06-09",55.0499992370605,55.1399993896484,54.560001373291,45.189769744873,2062500,0.879743126803625,47.077195751693,43.178048312638,64.8839177762013,46.07257827984,16.0473491292461,44.2988347371419,42.6630436579386,45.6045699102829,-0.414800165409844
"1867","2017-06-12",54.6100006103516,54.6500015258789,54.310001373291,44.7535095214844,1821000,0.749421868040599,46.9851116784311,43.4018317572378,61.6041149379467,23.760806115903,10.4431554766445,44.3923862457275,42.7279303868612,45.1618972257792,-0.408387704294867
"1868","2017-06-13",54.25,54.4300003051758,54.0900001525879,44.6382865905762,2063600,0.629586324743094,46.9227483112174,43.5506251018686,60.7648870169278,10.3657534841109,5.64392913529135,44.4856369018555,42.792122332255,44.7613665123977,-0.123079921821549
"1869","2017-06-14",54.4799995422363,54.560001373291,53.9300003051758,44.4818725585938,2019100,0.51604583300152,46.889207809987,43.6286136926985,59.6242352602323,3.19444641753944,2.19164916973236,44.5576056162516,42.8498944600423,44.6110668116815,-0.129194253087796
"1870","2017-06-15",53.7700004577637,54.310001373291,53.6699981689453,44.5888938903809,2362800,0.429746057300946,46.8516923129505,43.7171644985729,60.153662983778,-9.89531903382004,3.29768150289219,44.6330595652262,42.911629041036,44.484495738772,0.104398151608869
"1871","2017-06-16",54.7999992370605,54.810001373291,54.3600006103516,45.0169143676758,2707000,0.39137896561261,46.759328574671,43.9297060780389,62.2041072939548,18.9235865561442,6.97450208224699,44.7129029591878,42.9789993286133,44.5653992466086,0.45151512106721
"1872","2017-06-19",54.8699989318848,55,54.7299995422363,45.1650772094727,1679900,0.368678377275202,46.7234798107345,44.0478687610428,62.8879752164793,30.0844503148219,10.586275823166,44.7996056874593,43.0507455190023,44.9849991296215,0.180078079851157
"1873","2017-06-20",54.9599990844727,55.060001373291,54.2900009155273,44.7452850341797,1019800,0.31320385815814,46.7276577988407,44.0338141402462,59.7208038159029,6.466059476376,0.889465325644253,44.8574994405111,43.1133164087931,45.1866496367733,-0.441364602593623
"1874","2017-06-21",54.4799995422363,54.5999984741211,54.4199981689453,44.8687477111816,1001000,0.276020515611783,46.7144020139806,44.0725871980555,60.3286663310494,-4.47004689431074,0.889465325644254,44.9214291890462,43.1761748631795,44.7981965304148,0.0705511807668699
"1875","2017-06-22",54.4700012207031,54.5499992370605,54.2700004577637,44.7123489379883,969100,0.231266478825141,46.7234464332502,44.0396723106463,59.1587244749671,-20.1196651012715,2.44286033348476,44.9664267222087,43.2380605697632,44.8239744616043,-0.111625523615999
"1876","2017-06-23",54.4799995422363,54.6300010681152,54.2400016784668,44.7370529174805,1778100,0.195537947184555,46.707320930699,43.9710154035296,59.2877342623635,-23.9471448528292,0.549383398095581,45.0086809794108,43.3019921620687,44.7350094300088,0.00204348747162442
"1877","2017-06-26",55.4199981689453,55.4199981689453,54.810001373291,45.1321487426758,1821200,0.196834770875647,46.6979108900647,43.9557313828845,61.3097462224604,25.5053904236883,15.8656235219182,45.0652020772298,43.378364054362,44.7225209073482,0.409627835327562
"1878","2017-06-27",54.8899993896484,55,54.7099990844727,45.0745315551758,1477000,0.191011426663536,46.6769780351605,43.9322153852496,60.8537943734124,1.03178629290052,13.3613892402517,45.1085535685221,43.4577248891195,45.0965743941797,-0.0220428390039444
"1879","2017-06-28",55.0800018310547,55.3199996948242,54.9500007629395,45.3790893554688,1847200,0.208567418239653,46.638986784074,43.9298746050862,62.3835030869544,27.7229170418988,19.3256822973554,45.1532768249512,43.5437957763672,45.1117418458294,0.267347509639379
"1880","2017-06-29",54.6500015258789,54.6699981689453,53.4300003051758,44.1032295227051,2230900,0.118167283462135,46.5679718161356,43.7951064919699,53.3490431439708,-101.920031590804,11.5809238615047,45.1540997823079,43.6086023330688,45.3472022036383,-1.24397268093327
"1881","2017-06-30",54.2099990844727,54.2400016784668,53.8499984741211,44.5477180480957,1749300,0.0814521054372648,46.3678424158964,43.8067383488741,55.6631232085698,-92.1656114648672,11.5809238615046,45.1785191853841,43.68231493632,44.25059574882,0.297122299275685
"1882","2017-07-03",53.8400001525879,53.9900016784668,53.7900009155273,44.309024810791,753100,0.0327173674796555,46.1303300464406,43.8294145977244,54.170388627848,-113.489603456274,12.6019488984266,45.1774220784505,43.7460576375326,44.4019818933188,-0.0929570825277395
"1883","2017-07-05",53.6500015258789,53.9599990844727,53.5800018310547,44.2349433898926,1463200,-0.0117475960343398,45.881839357593,43.8688301217772,53.7079585078497,-119.313435037313,16.2216262750764,45.1571184794108,43.8006674448649,44.3648692781929,-0.129925888300328
"1884","2017-07-06",53.4599990844727,53.6699981689453,53.2900009155273,44.0126914978027,1242300,-0.0641804380877034,45.5932104412801,43.9294519122355,52.3217584455678,-141.038651869923,21.0485861668327,45.1370890299479,43.8498029708862,44.2241296592096,-0.211438161406825
"1885","2017-07-07",53.7400016784668,53.8800010681152,53.5699996948242,44.2184753417969,1054000,-0.0881130938725718,45.4762705709678,43.9146905038613,53.4720043068957,-108.691365195643,15.8803633383499,45.1126697540283,43.9000532786051,44.0278476381498,0.19062770364706
"1886","2017-07-10",54.2200012207031,54.3600006103516,53.9300003051758,44.4654159545898,1422000,-0.0861606460296755,45.4101403113554,43.9083853844454,54.8249295231072,-66.2683800650774,4.93383780632348,45.075354385376,43.9493808746338,44.1797532460746,0.285662708515268
"1887","2017-07-11",54.1500015258789,54.4700012207031,54.1100006103516,44.7205924987793,1662700,-0.0632930990831824,45.4077686022729,43.9074653912573,56.1868003115376,-44.6340515517299,2.56047336982942,45.053404490153,44.008408164978,44.4570298300648,0.263562668714457
"1888","2017-07-12",54.9099998474121,55,54.7900009155273,45.1074562072754,1606700,-0.0137947183296063,45.4575629726925,43.9045879825077,58.1647703946009,11.8835692706855,8.1403485594802,45.0396856943766,44.0704788208008,44.7160404042829,0.391415802992505
"1889","2017-07-13",55.3300018310547,55.3699989318848,55.1100006103516,45.5107955932617,1367200,0.0573184907535094,45.5859667195408,43.8790765391262,60.1071994777816,53.5304029921293,14.77606756304,45.0306318918864,44.1394081115723,45.0911061394911,0.419689453770623
"1890","2017-07-14",55.6599998474121,55.9599990844727,55.5800018310547,46.029354095459,778200,0.153747255985309,45.8322810093442,43.7768082698306,62.4273956080494,111.638271096712,24.1195436336799,45.02624168396,44.2228356043498,45.5040340081729,0.525320087286062
"1891","2017-07-17",55.9099998474121,55.9700012207031,55.7099990844727,45.9635162353516,907200,0.222292729865082,46.0008295184642,43.7029199474782,61.9541335751993,119.073637491905,24.2700029849775,45.0106024424235,44.3020336786906,46.0146841810382,-0.0511679456866361
"1892","2017-07-18",55.7799987792969,55.9799995422363,55.7400016784668,45.9635162353516,1012300,0.273463198233962,46.1379475592554,43.6456458092749,61.9541335751993,125.792565525839,24.4301194583634,44.9941401163737,44.3858617782593,46.0148483554977,-0.0513321201461494
"1893","2017-07-19",56.2400016784668,56.3400001525879,55.8699989318848,46.0211334228516,1518700,0.315033874184117,46.297134431442,43.6140437759555,62.2223493125689,149.770597851882,30.1170647272102,44.9839880625407,44.4530836105347,45.960018321656,0.06111510119554
"1894","2017-07-20",56.5999984741211,57.0699996948242,56.4900016784668,46.8031044006348,1472300,0.406392813692634,46.626270618633,43.4783432577098,65.6247430277389,223.952886097209,39.9178102356302,45.0009994506836,44.5319766362508,46.0154019889325,0.787702411702277
"1895","2017-07-21",56.9799995422363,57.0900001525879,56.5499992370605,46.9924125671387,1561200,0.488440579425337,46.9525718333599,43.3800484058979,66.3829899840351,208.95510343712,40.1635834755031,45.0495635986328,44.6177013397217,46.7321831770752,0.260229390063472
"1896","2017-07-24",56.5800018310547,56.6399993896484,56.2400016784668,46.5067710876465,1095100,0.508416111713117,47.1248903439863,43.3847017122881,62.7119851856912,147.675887010554,31.2669390401926,45.0934636433919,44.6961491902669,47.0399775956057,-0.533206507959264
"1897","2017-07-25",56.9799995422363,57.0099983215332,56.5099983215332,46.6302528381348,1114400,0.528122937769986,47.2966156665404,43.3627867992799,63.2465938548855,152.099130694875,36.416183675005,45.1560217539469,44.7742039998372,46.5721139091626,0.0581389289721201
"1898","2017-07-26",56.9099998474121,57.1300010681152,56.7599983215332,46.9841918945312,1326700,0.565778718378702,47.5211182335299,43.3292502662259,64.7453537515036,153.069062064243,38.0258751874865,45.2342185974121,44.8599277496338,46.5795583850348,0.404633509496499
"1899","2017-07-27",57.3499984741211,57.4500007629395,56.8199996948242,46.9841918945312,712900,0.588833489871242,47.7138455128167,43.2970332408454,64.7453537515036,145.718336946466,42.1971373349194,45.3176292419434,44.9376174290975,46.9578891248023,0.0263027697289573
"1900","2017-07-28",56.6500015258789,56.9000015258789,56.2799987792969,46.753719329834,1041500,0.581800716051994,47.8098793180527,43.4660484163224,62.9563499219038,102.668993188127,26.8017393364749,45.3897900899251,45.0114248275757,47.0131865690452,-0.25946723921119
"1901","2017-07-31",57.1599998474121,57.189998626709,56.8199996948242,46.9101104736328,999400,0.58213614728237,47.9352893114886,43.5768776654401,63.6611883296458,114.921944184759,31.0850202326303,45.4528966267904,45.0828997929891,46.777530799156,0.132579674476801
"1902","2017-08-01",56.8499984741211,57.1199989318848,56.7599983215332,46.7701759338379,945600,0.564602050088546,47.991211469048,43.7670706201854,62.5593844933168,99.249001966439,29.4101720757246,45.5063999176025,45.1530028025309,46.8765083706484,-0.106332436810504
"1903","2017-08-02",56.439998626709,56.7000007629395,56.2700004577637,46.9393348693848,1119400,0.557924458255656,48.0271583768272,44.0015628603554,63.3525549292409,76.8624758824623,16.4245264623389,45.5795349121094,45.2185171763102,46.7954641819929,0.143870687391832
"1904","2017-08-03",56.75,57.0499992370605,56.6699981689453,47.0305480957031,815400,0.553610882044389,47.9899103114639,44.3405965855088,63.7805624215488,88.2105222237398,22.3722120575823,45.6515949249268,45.2865120569865,46.9121511089917,0.118396986711389
"1905","2017-08-04",56.8699989318848,56.9900016784668,56.6699981689453,47.1632194519043,763900,0.554505813632304,47.9403362062636,44.6846451017198,64.406061002296,83.9716713467103,22.3722120575823,45.733290608724,45.3498586654663,47.034748769692,0.12847068221226
"1906","2017-08-07",56.9099998474121,57.2999992370605,56.9099998474121,47.4948616027832,840500,0.575343600403691,47.9231894433565,45.0047364294463,65.927667328097,96.183435115205,27.5877679719993,45.8252175649007,45.4169492721558,47.1583741305502,0.336487472232967
"1907","2017-08-08",57.2299995422363,57.3600006103516,57.1300010681152,47.445125579834,748400,0.58114533350323,47.870627568638,45.3297516122702,65.4933093752254,94.6311811606632,28.5805784142393,45.902316792806,45.4837594350179,47.4738046313782,-0.0286790515442519
"1908","2017-08-09",57.1300010681152,57.6500015258789,56.9799995422363,47.8016777038574,1178400,0.607511016526068,47.9063989751607,45.5634023554057,67.1007724274951,98.9953797949895,33.3050092262259,45.9932216644287,45.5508876164754,47.4772644415212,0.324413262336243
"1909","2017-08-10",56.8699989318848,56.9900016784668,56.6599998474121,47.0056686401367,938900,0.557745389691306,47.8337834092558,45.7855052259981,60.5828981906315,59.4682845363025,23.656421908363,46.0474409739176,45.6003588994344,47.7643020394736,-0.758633399336929
"1910","2017-08-11",57.0699996948242,57.1100006103516,56.6599998474121,47.0471267700195,1044600,0.515706354643989,47.8205593982265,45.9005065044835,60.7881141528693,59.4233828844985,25.8090052185112,46.1455708821615,45.6498353322347,47.1134192605857,-0.0662924905662123
"1911","2017-08-14",57.2200012207031,57.3699989318848,57.0999984741211,47.4782829284668,702400,0.511287016695093,47.8354043582407,46.0371382137808,62.8679248733988,79.9899560397835,30.3570179992201,46.2432563781738,45.710887781779,46.978987392792,0.499295535674769
"1912","2017-08-15",57.189998626709,57.5900001525879,57.0999984741211,47.7436332702637,818100,0.523165488397616,47.8697304320465,46.1808238434662,64.0808674398735,87.8245790329267,34.0157373097724,46.3577433268229,45.7675827026367,47.4355631166696,0.308070153594038
"1913","2017-08-16",57.5900001525879,57.7299995422363,57.4000015258789,47.7104644775391,1252700,0.52386403987429,47.864478444794,46.3550089361875,63.8113281556981,95.8796037848254,36.2924457336522,46.4735940297445,45.8153562545776,47.7517136163538,-0.0412491388147203
"1914","2017-08-17",57.5,57.5999984741211,57.0200004577637,47.3041648864746,713300,0.486030014081656,47.8798767848378,46.3897166447276,60.5822464109625,72.2511252367057,23.8895240430082,46.5833098093669,45.8601994196574,47.7364564079045,-0.432291521429939
"1915","2017-08-18",57.1399993896484,57.3199996948242,57.0200004577637,47.4202461242676,584000,0.460109209263713,47.9085868758791,46.4037899093993,61.1630974132649,66.9435571076363,23.8895240430082,46.6900355021159,45.9013526280721,47.3427094014677,0.0775367227998771
"1916","2017-08-21",57.3699989318848,57.6599998474121,57.2900009155273,47.7519111633301,941800,0.461015086562178,47.9503665327567,46.4865242600899,62.7840235039498,100.587202776716,30.3681354012745,46.7995853424072,45.9374698638916,47.3767931676216,0.375117995708443
"1917","2017-08-22",57.7799987792969,57.9700012207031,57.7099990844727,48.0255355834961,1157000,0.478298675381204,48.0494687397127,46.5269503276701,64.0640705317933,144.009683326991,35.7024669174275,46.9097501118978,45.9815773010254,47.7269287088563,0.298606874639816
"1918","2017-08-23",57.7700004577637,57.9500007629395,57.6500015258789,47.9592056274414,557400,0.48109797297144,48.1399776145264,46.5339428261474,63.5162235323574,139.992843074315,33.5852558236288,47.0048084259033,46.02224706014,48.0246428988651,-0.0654372714236686
"1919","2017-08-24",58,58.0999984741211,57.6199989318848,47.8099594116211,798800,0.465902875827453,48.1897661592094,46.5667310331734,62.2766091923524,133.41199158499,36.2436220121857,47.0814472198486,46.0560395558675,47.988034446825,-0.178075035203896
"1920","2017-08-25",57.8499984741211,58.1699981689453,57.7799987792969,48.1167526245117,553400,0.473161983357464,48.2659793562188,46.6268211656318,63.7798143966787,149.42032841856,37.4917605082389,47.1510271708171,46.0886344273885,47.8201372612735,0.296615363238196
"1921","2017-08-28",58.3600006103516,58.4099998474121,58.1100006103516,48.1913719177246,686200,0.479409695173082,48.3535050044386,46.6674216618212,64.1393601982793,169.160215389262,41.6764651206086,47.2252890268962,46.1179457346598,48.0745290167631,0.116842900961544
"1922","2017-08-29",58.060001373291,58.2599983215332,57.9900016784668,48.1913719177246,871400,0.478841267733202,48.4010913946258,46.7619548700226,64.1393601982793,146.390053250908,36.7822388312725,47.2995508829753,46.1468454996745,48.2073710950637,-0.0159991773391184
"1923","2017-08-30",57.8899993896484,57.9500007629395,57.4599990844727,47.793384552002,2083500,0.441190758168723,48.3901508707152,46.8583003621949,60.7001555252574,76.9728182241927,17.6015693765373,47.3586259206136,46.1713069915771,48.1979170844342,-0.404532532432206
"1924","2017-08-31",57.8400001525879,58.3199996948242,57.810001373291,48.265998840332,987200,0.444366105491611,48.4495976694025,46.9223986379705,63.1288920577056,130.804599829736,25.4073486825399,47.4073890686035,46.2041942596436,47.8329822197965,0.433016620535518
"1925","2017-09-01",58.5299987792969,58.5299987792969,58.1500015258789,48.3323287963867,1037700,0.447081190566713,48.5184731966996,46.9704340451217,63.4567777993239,146.711182441868,29.4615372611721,47.4520529429118,46.2508082707723,48.1879001480858,0.144428648300959
